Producto,Variante,Codigo_interno_sistema,Barcode_en_TN,SKU_TN,TN_tiene_barcode,productId,variantId,tnProductId,tnVariantId
Balanza y canasto - Calesita,Rojo,7898664630007-ROJO,7900000000000,,SI,e57fd49832d49ffb97f8b978d6c926e3,1871ac65917c22ca0d9f5e35d04cffbd,114879393,440814021
Bebe Abril/Santi Sexo definido Art 118A - Casita de muñeca,Varon,7798293841433-VARON,7798293841433,,SI,57771b63bcd53b38cfc4ef699a5b3aa3,d875a17e43bf509955303383fa18faf1,69674408,353252972
Bolso cambiador - Casita de muñecas,Rosa,7798293841594-ROSA,7800000000000,,SI,91d511424a98a5061c744ccc0a086c80,8cd63f4129ad22045c3698723f69f4ef,220747341,970220955
Bote asiento fondo del mar - Bestway,Rosa,6942138976250-ROSA,6940000000000,,SI,2602718cfada89c2b26e5f4118d46789,60410e8f94c0309f2ab00adfcfc60c38,190422372,764691225
Caja registradora juliana y julian,Verde,7798360010250-VERDE,7798360010250,,SI,9655134ff668bde2246ec745b95e51e0,5d7308e83e5a3fd3e1898d24884ac5d6,70216924,478681173
Caja registradora juliana y julian,Rojo,7798360010250-ROJO,7798360010250,,SI,9655134ff668bde2246ec745b95e51e0,2ca7a66b4646157cf48fd2f9cb13b372,70216924,478681174
Camicleta con canasto - Sebi,Verde,7453105019751-VERDE,7453105019751,,SI,bad4a5c500adba8ee865a1c76e23abc6,420ea1b3bea6ec7552bd139391bd2ac2,283423371,1534016906
Camicleta con canasto - Sebi,Rosa,7453105019751-ROSA,7453105019751,,SI,bad4a5c500adba8ee865a1c76e23abc6,78c871ad975ed9951a8399842d615442,283423371,1534016910
Camicleta con canasto estructura de metal - Sebi,Azul,7453105006836-AZUL,7453105006836,56202,SI,0ccbb8f9af6e12ea58cdf1509c163e7d,a851da5fbd56c9cceb02f50101e915e0,283421992,1268665185
Camicleta con canasto estructura de metal - Sebi,Rosa,7453105006836-ROSA,7453105006836,56202,SI,0ccbb8f9af6e12ea58cdf1509c163e7d,c1eeb02663a1a20ce1fa4042470efc30,283421992,1268665190
Cartuchera cool friends 2 pisos - Footy,Lila,7792621128968-LILA,7790000000000,,SI,6ac624194f03fcae979c66d0c189afae,8c724ee8b219240d74bd4674503c59ea,152821733,579910666
Cartuchera Foil - Chimola,Negro,7798218140924-NEGRO,7800000000000,,SI,8b631c674a499436f374f2dc4c7e49bf,7d01306f1ad03185f70cea253b747325,253978513,1121622614
Cartuchera Foil - Chimola,Rosa,7798218140924-ROSA,7800000000000,,SI,8b631c674a499436f374f2dc4c7e49bf,6d5f5d25d966a7eae691bb158502c09b,253978513,1121622619
Cartuchera play basket 2 pisos - Footy,Negro,7792621129286-NEGRO,7790000000000,,SI,7500138c7cdb3b4b0664b9499f385984,575252e814453b2bff0eac932d83631f,149811568,572491732
Conejo con moño 38 cm - Woody toys,Violeta,818980018621-VIOLET,819000000000,,SI,76ca1b34a6a942cfa236fe6f6f62cf8e,c1bfa067b37f3b93108bd84f7c3be338,116084900,446747894
Cunero delfin rosa/celeste - Cutie buddi,Rosa,815787028952-ROSA,815787028952,,SI,d114d1c4d37b86c533ab18b9e470fa87,44c7c4e666f94aa11a53f710ae59d218,136531747,532086885
Cunero delfin rosa/celeste - Cutie buddi,Celeste,815787028952-CELEST,815787028952,,SI,d114d1c4d37b86c533ab18b9e470fa87,35cf635bcc95317a604f8d9a22576a19,136531747,532086886
Cunero elefante - Cutie buddies,Celeste,815787020987-CELEST,815787020987,,SI,7ee81f3670d74e3da919f759700e520b,90a9214fb7a3fce3f9bcf9a1e6ea6a07,164405168,620565684
Cunero elefante - Cutie buddies,Rosa,815787020987-ROSA,815787020987,,SI,7ee81f3670d74e3da919f759700e520b,52d62f3224863b7102bb2ba7f86fd6ca,164405168,620565658
Cunero musical jirafa 35 cm - Cutie buddies,Rosa,815787020154-ROSA,815787020154,,SI,3f2f8ac243c47b4e1846f87537ca487d,dd633bff1e647fc43f644766cd0a0ffd,173461186,660722458
Cunero musical jirafa 35 cm - Cutie buddies,Celeste,815787020154-CELEST,815787020154,,SI,3f2f8ac243c47b4e1846f87537ca487d,d19157ce80a81a6e4fb758f34faa32ad,173461186,660722459
Cunero oso arriba de la nube - Woody toy,Celeste,619470683264-CELEST,619470683264,110412,SI,a00718773805870513e52073de7d72d1,55805a8f5bee8d042d56dfab339043d3,331500515,1475120418
Cunero oso arriba de la nube - Woody toy,Rosa,619470683264-ROSA,619470683264,110412,SI,a00718773805870513e52073de7d72d1,2ad11ef1cf664758bb43cf08d65f0bee,331500515,1475120426
Cunero oso con osito - Cutie buddies,Rosa,815787029034-ROSA,815787029034,,SI,df91671fb48898092c28108e98d4e45f,9288ae854a7da2b0ef269815d9e45be7,173521869,660988152
Cunero oso con osito - Cutie buddies,Celeste,815787029034-CELEST,815787029034,,SI,df91671fb48898092c28108e98d4e45f,2997d6a5f1e0ed9378e8c27680b6f3c4,173521869,660988153
Cunero osos luna zzz - Woody toys,Rosa,619470683097-ROSA,619470683097,,SI,be8827d10f4a3854a913d200895aad4f,d6e82f4961464517f1032c8c871c6bd2,311157421,1380676769
Dinosaurio 50 cm - Cresko,Brontosaurio,092626499788-BRONTO,92626499788,,SI,eade8d0cd8621827cea65a05229b0728,1bf2f902196d525c37c8987554836f43,120824147,469322585
Dinosaurio 50 cm - Cresko,Stegosaurus,092626499788-STEGOS,92626499788,,SI,eade8d0cd8621827cea65a05229b0728,287b6cd95efbb985c056b938ea8d7d30,120824147,469322587
Disfraz de Ana frozen - New toys,M,7798240798438-M,7800000000000,,SI,7152bb52392aeb0418af856e2cbe1e96,51f75faa20d9ae2c73af43167bc074a4,132513201,519135038
Disfraz de Ana frozen - New toys,L,7798240798438-L,7800000000000,,SI,7152bb52392aeb0418af856e2cbe1e96,784347c1d1ef8162819206b82f168a50,132513201,519135039
Dona Inflable 1.07m - Bestway,Chocolate,6941607348079-CHOCOL,6941607348079,,SI,5c8cecec76cbe38b51142c1f2ce47d27,8a880c38d1386451f25502acb048b59b,315915912,1399779275
Dona Inflable 1.07m - Bestway,Azul,6941607348079-AZUL,6941607348079,,SI,5c8cecec76cbe38b51142c1f2ce47d27,fd737333139f55ba9851b1a5631c5210,315915912,1399779277
Flautas caritas - Classic world,Azul,6927049045387-AZUL,6930000000000,40538,SI,ed6546a34ddf715662a1645fd109cd2e,c4ee0449830a4e3f9973ba3959311056,95952435,365849580
Flautas caritas - Classic world,Gris,6927049045387-GRIS,6930000000000,40538,SI,ed6546a34ddf715662a1645fd109cd2e,02f098dd17fb0f48a674ec70672089b8,95952435,365849575
Flautas caritas - Classic world,Naranja,6927049045387-NARANJ,6930000000000,40538,SI,ed6546a34ddf715662a1645fd109cd2e,b47df1cff90912e226e79a144da15a15,95952435,365849583
Flotador coche con techo - Bestway,Rosa,6942138933925-ROSA,6940000000000,,SI,16e84d40688f35de28d2f892f00f7c40,c359c496f45e9d9f377b35dceb8c2795,190419347,764682678
Lunchera basket - Footy,Naranja,7792621129460-NARANJ,7790000000000,,SI,e78d98c9aee318e7c10832bdab82b4de,84aad15b4a8eb7d893e13946c6238235,151350159,590060396
Mochila carro Foil 18'' - Chimola,Negro tornasolado,7798218140191-NEGROT,7800000000000,,SI,9e0df38ab945f8c203b83c98752d752c,d870f815e9dcd069fc325807c3e46548,254165148,1122333108
Mochila carro Foil 18'' - Chimola,Rosa,7798218140191-ROSA,7800000000000,,SI,9e0df38ab945f8c203b83c98752d752c,29c04ae468ad66ba09bdcefc64fc7e50,254165148,1122333111
Mochila carro Foil 18'' - Chimola,Violeta,7798218140191-VIOLET,7800000000000,,SI,9e0df38ab945f8c203b83c98752d752c,84ba4e4e8a3ddae67c0efcff820f35ed,254165148,1122333112
Mochila Espalda Basket 3D 18´´ - Footy,Naranja,7792621128449-NARANJ,7790000000000,,SI,d306c0c7386501f1086795611db3f617,b75314e5abd7c587ebafc5fd7b61bbb5,72942539,1115083017
Mochila espalda batik 18'' - Footy,Violeta,7792621134761-VIOLET,7790000000000,,SI,cd2e98f8dbd4af01fa646f61ea724898,e9c9360e7090d601faf943ae14b2a8fb,109048915,588008477
Mochila espalda batik 18'' - Footy,Fucsia,7792621134761-FUCSIA,7790000000000,,SI,cd2e98f8dbd4af01fa646f61ea724898,cf03791cdd7721b73367d359892bb770,109048915,588008479
"Mochila espalda pelota 3D 18"" - Footy",Negro,7792621128401-NEGRO,7790000000000,,SI,56332b3a0e5aa19b79989b523993232f,469f3c7be503563976df57dc102bad85,144937478,558889482
Mochila Paw patrol 3D 12 '' - Wabro,Chasse,7453002801961-CHASSE,7450000000000,,SI,0346ba6a0b2f55df897d71fa83b8913e,e70174582074c6618601c5f04c76647f,109053980,417476994
Mochila Paw patrol 3D 12 '' - Wabro,Rubble,7453002801961-RUBBLE,7450000000000,,SI,0346ba6a0b2f55df897d71fa83b8913e,44ccd346cf6acb48324da707eea83d8d,109053980,417476995
Mochila Paw patrol 3D 12 '' - Wabro,Skye,7453002801961-SKYE,7450000000000,,SI,0346ba6a0b2f55df897d71fa83b8913e,50f5a0eb634094230b8b947c23c6bb1c,109053980,417485882
Moises de viaje - Casita de muñeca,Rosa,7798293840191-ROSA,7798293840191,201A,SI,f251524dc39ca699b85f9ee312ae3dff,4233075f9f517fa5ededb09c5dfd1f1f,143081849,553722522
Moises de viaje - Casita de muñeca,Gris,7798293840191-GRIS,7798293840191,201A,SI,f251524dc39ca699b85f9ee312ae3dff,8dc71568a27b6c9f2c1ffec63224054f,143081849,553722523
Monopatin plegable - base xtrem,Azul,7453077220377-AZUL,7450000000000,,SI,7d7a9b70dd07aef29b3f58c19abc462c,f80243da6bc187b1f6ebd4c0c7c3c35c,125659265,490111510
Monopatin plegable - base xtrem,Plata,7453077220377-PLATA,7450000000000,,SI,7d7a9b70dd07aef29b3f58c19abc462c,60a98c61c6ff589987961acb77caa8a7,125659265,490111511
Monopatin plegable - base xtrem,Rosa,7453077220377-ROSA,7450000000000,,SI,7d7a9b70dd07aef29b3f58c19abc462c,7ee2c72533d532d7dec7f2ddc07ecff9,125659265,878116229
Monopatin plegable 3 ruedas - base xtrem,Azul,7453077220353-AZUL,7450000000000,,SI,dd72413c248f3f95d363a6fe92b66eea,7829a2604d7dea30c9fad1dfa1db22ca,191116644,767928404
Monopatin plegable 3 ruedas - base xtrem,Plata,7453077220353-PLATA,7450000000000,,SI,dd72413c248f3f95d363a6fe92b66eea,c1dad3858d93dddba4f2e5683f98ead4,191116644,767928407
Monopatin plegable 3 ruedas - base xtrem,Rosa,7453077220353-ROSA,7450000000000,,SI,dd72413c248f3f95d363a6fe92b66eea,05d1a9fe86b0bf57f4064d4d7c94be55,191116644,767930974
Motion Sand - 1 Kilo,Rojo,6952579112568-ROJO,6950000000000,,SI,0099d1093ca36bf33ba351bc15bb5946,d2f03fcd25e138f955593629b216bfc4,88096672,335585345
Motion Sand - 1 Kilo,Verde,6952579112568-VERDE,6950000000000,,SI,0099d1093ca36bf33ba351bc15bb5946,f732264519c1745c4c81cb461657c703,88096672,335585343
Motion Sand - 1 Kilo,Amarillo,6952579112568-AMARIL,6950000000000,,SI,0099d1093ca36bf33ba351bc15bb5946,513e9252ddd24cf02c31496eb1982488,88096672,335585346
Muñeca Bailarina Lunares - Phi Phi Toys,Celeste,815787028051-CELEST,816000000000,,SI,e5edddab98f6a7af188e0962f078a5dd,78ed3a35603bbef733432eeb73b35efd,156921851,594556658
Muñeca Bailarina Lunares - Phi Phi Toys,Violeta,815787028051-VIOLET,816000000000,,SI,e5edddab98f6a7af188e0962f078a5dd,ddf4055cc8a31f1d0a5883e90bfb4af3,156921851,594556660
Muñeca Bailarina Lunares - Phi Phi Toys,Rosa,815787028051-ROSA,816000000000,,SI,e5edddab98f6a7af188e0962f078a5dd,76800c1bf7eefed8c0dd27f2af738ee4,156921851,594556662
Muñequitos - Liviano,Bailarina,714604417903-BAILAR,715000000000,muñe01,SI,532a27a4e6dc94ba43226f6dda77268f,5ca58bd384e8618577297dde845067ae,90144952,343539583
Muñequitos - Liviano,Gato,714604417903-GATO,715000000000,muñe01,SI,532a27a4e6dc94ba43226f6dda77268f,db71d1deae3b2595337ea84f0d5a4e32,90144952,343539579
Muñequitos - Liviano,Jirafa,714604417903-JIRAFA,715000000000,muñe01,SI,532a27a4e6dc94ba43226f6dda77268f,706f9cf283f51a989144cd483ffeafa3,90144952,343539582
Muñequitos - Liviano,Dinosaurio,714604417903-DINOSA,715000000000,muñe01,SI,532a27a4e6dc94ba43226f6dda77268f,b7caaf399b1f77014f22a41a8ac85ffb,90144952,343539584
Muñequitos - Liviano,LLama,714604417903-LLAMA,715000000000,muñe01,SI,532a27a4e6dc94ba43226f6dda77268f,cdc115ac9b0ed925f63779bc82d9ffd3,90144952,343539580
Nutria 24 CM - Phi Phi,Marrón,7799035082619-MARRON,7799035082619,8261,SI,ac731cd3e870d8380a3c93d0d99223b7,e238f236aca749dba4a6d556fe6d99de,294681626,1344930456
Nutria 24 CM - Phi Phi,Gris,7799035082619-GRIS,7799035082619,8261,SI,ac731cd3e870d8380a3c93d0d99223b7,214eb8621eeed4fb6aa92ee44e32d764,294681626,1344930467
Paraguas magico - Colours,Dinosaurio,5993102260456-DINOSA,5990000000000,,SI,621d210df30c3de5506ba830a368bf01,ff849aed80340038999da33b5609707d,215958976,945488131
Paraguas magico - Colours,Sirena,5993102260456-SIRENA,5990000000000,,SI,621d210df30c3de5506ba830a368bf01,8afd559ea0a87a4ad87e66449454099e,215958976,945488134
Paraguas magico - Colours,Mar,5993102260456-MAR,5990000000000,,SI,621d210df30c3de5506ba830a368bf01,95a80de5fd90618eb2440d3db40fc178,215958976,945488136
Paraguas magico - Colours,Cupcake,5993102260456-CUPCAK,5990000000000,,SI,621d210df30c3de5506ba830a368bf01,24e5814c104b8f947fdbc42221b849b0,215958976,945488138
Patines unicornio bota - Tiny,Talle 28,7450077064024-TALLE28,7450077064024,,SI,e4b08b20d87b98eea3e9e3de070e40c6,49a11d454fa7ba19d1c2a88c5f39c096,311170757,1380728553
Patines unicornio bota - Tiny,Talle 29,7450077064024-TALLE29,7450077064024,,SI,e4b08b20d87b98eea3e9e3de070e40c6,519b06dd409009a88d99950799a2f7d4,311170757,1380728558
Patines unicornio bota - Tiny,Talle 30,7450077064024-TALLE30,7450077064024,,SI,e4b08b20d87b98eea3e9e3de070e40c6,18cb8b0ee506e74dd04a204ae8e639de,311170757,1380728565
Patines unicornio bota - Tiny,Talle 31,7450077064024-TALLE31,7450077064024,,SI,e4b08b20d87b98eea3e9e3de070e40c6,9e54bc4d622a927c819da8467e91dcdb,311170757,1380728573
Patines unicornio bota - Tiny,Talle 32,7450077064024-TALLE32,7450077064024,,SI,e4b08b20d87b98eea3e9e3de070e40c6,5472b8b9b7862db7b8d63f0df5ecb89e,311170757,1380728580
Patines Zapatillas - Isakito,32,7798347378502-32,7800000000000,,SI,d404ef529581fe6a52655d49fdc22587,9f205a5895f468d59ff297cf818f64b2,133674465,766029100
Patines Zapatillas - Isakito,34,7798347378502-34,7800000000000,,SI,d404ef529581fe6a52655d49fdc22587,b832553a72c10facbfccec398d6f0da9,133674465,766029105
Peluches 20 cm - La Granja de zenon,Gallina,7798105792410-GALLIN,7800000000000,7798105792410-GALLIN,SI,e2454d065a20d127d1472d3a78ad366a,d7e2e6ccda49ee86b736d36c97bacf22,59733191,351884866
Peluches 20 cm - La Granja de zenon,Vaca Lola,7798105792410-VACALO,7800000000000,7798105792410-VACALO,SI,e2454d065a20d127d1472d3a78ad366a,5e70fc094411a547617e7344576c3124,59733191,348595740
Peluches 20 cm - La Granja de zenon,La Pata,7798105792410-LAPATA,7800000000000,7798105792410-LAPATA,SI,e2454d065a20d127d1472d3a78ad366a,03ebacb9eb9bd86d7c554ef76e4b03df,59733191,348595745
Peluches 20 cm - La Granja de zenon,La chancha,7798105792410-LACHAN,7800000000000,7798105792410-LACHAN,SI,e2454d065a20d127d1472d3a78ad366a,a8b541ca5fe864c69ba53a8a399bd970,59733191,349178664
Peluches 20 cm - La Granja de zenon,Zenon,7798105792410-ZENON,7800000000000,7798105792410-ZENON,SI,e2454d065a20d127d1472d3a78ad366a,39c57e7ea227ad0654ccdf014d29e4f4,59733191,348595738
Peluches 20 cm - La Granja de zenon,Percheron,7798105792410-PERCHE,7800000000000,7798105792410-PERCHE,SI,e2454d065a20d127d1472d3a78ad366a,011ed0a08a0d7ee46df6889159152135,59733191,348595742
Peluches 20 cm - La Granja de zenon,Loro Pepe,7798105792410-LOROPE,7800000000000,7798105792410-LOROPE,SI,e2454d065a20d127d1472d3a78ad366a,ffdd238484c9469040048acf60b10c7a,59733191,348595748
Peluches 20 cm - La Granja de zenon,Pollito pio,7798105792410-POLLIT,7800000000000,7798105792410-POLLIT,SI,e2454d065a20d127d1472d3a78ad366a,861ffe19430d87fd88a4372b4e71e1c5,59733191,492178229
Pileta inflables 3 aros 70x30 - Bestway,Celeste,6942138900422-CELEST,6940000000000,,SI,4302f431d6c25ba0243e22c43825411c,300b302a964345ff03c8f920986c084c,105745481,404091364
Piloto de Fisher price - Wabro,S,7790752201246-S,7790000000000,,SI,17e83447c3e3f599d849a71c3d0c49fc,d6f768e6aca5de1fc385c5385568ed57,196203160,793175526
Piloto de Fisher price - Wabro,L,7790752201246-L,7790000000000,,SI,17e83447c3e3f599d849a71c3d0c49fc,fadf44ee3eb2a6f37c054ca603bb5f01,196203160,793175527
Piloto de Jurassic world - Wabro,S,7790752133011-S,7790000000000,,SI,fafc1091f68a1765f6b1fbf188c6f62c,ef71cb2ce2957a97235067ae91366f46,120380314,467538272
Piloto de Jurassic world - Wabro,L,7790752133011-L,7790000000000,,SI,fafc1091f68a1765f6b1fbf188c6f62c,976c11ee4a667d7c6bb9c3fc31eed00b,120380314,467538277
Piloto Dragón - Chimola,S,7798218147244-S,7800000000000,,SI,4944d1cb04529563bbf27d873d5b00e6,5e95dd609ed3155eeb72f16d3097c43f,270840627,1209718511
Piloto Dragón - Chimola,M,7798218147244-M,7800000000000,,SI,4944d1cb04529563bbf27d873d5b00e6,6a6c03eea95e1c47e9f9f97f2e78fdeb,270840627,1209718516
Piloto Dragón - Chimola,L,7798218147244-L,7800000000000,,SI,4944d1cb04529563bbf27d873d5b00e6,e09d10f43e6bcbe3e55e22427fe85818,270840627,1209718520
Piloto Frozen - Wabro,L,7790752201123-L,7790000000000,,SI,cc2d9703dbc6457c79a45c30cbd632f5,8ec490d66daa2ac3c1ba2e1c1513dfc7,82661853,321510204
Piloto Frozen - Wabro,S,7790752201123-S,7790000000000,,SI,cc2d9703dbc6457c79a45c30cbd632f5,c6c7f369c92341b6b2cba81a5b5bfb06,82661853,321510202
Piloto gato - Chimola,S,7798218147213-S,7800000000000,,SI,85329a9e205bcff6f9be9a556b8519f6,862961e8bbdcef4d73c7a2210a753f39,270837208,1209699351
Piloto gato - Chimola,M,7798218147213-M,7800000000000,,SI,85329a9e205bcff6f9be9a556b8519f6,95d9bcaa6bc85664967ba92122bd3ce2,270837208,1209699362
Piloto gato - Chimola,L,7798218147213-L,7800000000000,,SI,85329a9e205bcff6f9be9a556b8519f6,b4b27e13b75052cac1a737eac5e8f3fc,270837208,1209699374
Piloto Oso - Chimola,S,7798218147237-S,7800000000000,,SI,19ad2e49f42c3ef4dc6471cbbf3ada31,aedfbef07ea7d1212fddc92bb59f6504,270842263,1209724005
Piloto Oso - Chimola,M,7798218147237-M,7800000000000,,SI,19ad2e49f42c3ef4dc6471cbbf3ada31,b09fb93731382ded6303d49a83b8419c,270842263,1209724007
Piloto Oso - Chimola,L,7798218147237-L,7800000000000,,SI,19ad2e49f42c3ef4dc6471cbbf3ada31,546c31b307f81ea93d68a1e57c33d30e,270842263,1209724012
Piloto Perro - Chimola,S,7798218147206-S,7800000000000,,SI,78d1df4ff517e68899529a8fe1325a4f,857e63d1c1c8304e3ca625aac73e49ad,270838873,1209708998
Piloto Perro - Chimola,M,7798218147206-M,7800000000000,,SI,78d1df4ff517e68899529a8fe1325a4f,abdae8099b4a5564c83e0044d5d0f9ac,270838873,1209709009
Piloto Perro - Chimola,L,7798218147206-L,7800000000000,,SI,78d1df4ff517e68899529a8fe1325a4f,119e78cb30011821767fa0a8dba52937,270838873,1209709017
Piloto super Barbie - Cresko,S,092626442098-S,92626442098,,SI,e5bfa90cc9a2dad4dc4f89174c8af2a4,1e6283f7def051e994e7466e4dc0a82d,82661180,655964135
Piloto super Barbie - Cresko,M,092626442098-M,92626442098,,SI,e5bfa90cc9a2dad4dc4f89174c8af2a4,a5838a49e7341d0aec5077a2953501b9,82661180,655964138
Piloto super Barbie - Cresko,L,092626442098-L,92626442098,,SI,e5bfa90cc9a2dad4dc4f89174c8af2a4,6ef4b708c10adadad255e48cda47ecbb,82661180,655964140
Piloto Toy Story emoji - Wabro,S,7790752131024-S,7790000000000,,SI,c5427fa7e5e27ad6733f2b1cc3c08198,e03cbfb323d26a7bc9e8cd53d3da7966,82661572,321509240
Piloto Toy Story emoji - Wabro,L,7790752131024-L,7790000000000,,SI,c5427fa7e5e27ad6733f2b1cc3c08198,8320b00a1da6bf2989aff0e2d0510c67,82661572,321509244
Pinypon super pelo largo,Rosa,8056379141556-ROSA,8060000000000,,SI,aa3919ad661a523db63a8d451b27a901,383eb6a894a9199ff77719fb23d6ef58,177813144,683058010
Pinypon super pelo largo,Violeta,8056379141556-VIOLET,8060000000000,,SI,aa3919ad661a523db63a8d451b27a901,014b0217fbfe90b36cc151bdf7c63d92,177813144,683058011
Puzzle cuerpo parte por parte - Cubeta,Nena,2007505089026-NENA,2007505089026,,SI,f523d1c5e24f73791585df2cb5ca00d7,32f6d8536ca0c8fe1f194d8a930eb77a,147257873,565474954
Set de snorkel y pata de rana - Bestway,Azul,6942138966954-AZUL,6940000000000,,SI,c8bb605f42152e6cb683ab658cccff86,a568c96d2b97b8204aa2e7183c72a7e3,196040500,792124622
Sonajero elefante balancin - Cutie buddi,Celeste,818980015538-CELEST,819000000000,,SI,7a9037403c41e0ea9e566dd0af2f8537,8a65f9537cc87ea8ec630a0cbcb614df,115942606,445814317
Spinners individual - Chin,,SP-B,092626423684,,SI,04941fef1474441a609f6349810a6b39,7bc99e5bd88e03f97348ca3766e746a9,239436627,1051330078
Valijas didacticas 2 - Antex,Las letras,7792745012563-LASLET,7790000000000,,SI,fd0a4d8a7c8b21817ea0ba1380f9e30c,4db3232ba3e32cf20757cb3067de49af,114691154,440032664
Valijas didacticas 2 - Antex,Deletreando,7792745012563-DELETR,7790000000000,,SI,fd0a4d8a7c8b21817ea0ba1380f9e30c,28620d043f24b63b20d8b8740d655c25,114691154,440032665
Valijas didacticas 2 - Antex,Donde viven,7792745012563-DONDEV,7790000000000,,SI,fd0a4d8a7c8b21817ea0ba1380f9e30c,0137459b996b580f92bc84e3e0b318bd,114691154,440032667
Zoogooz - Little live pets,Violeta,630996264782-VIOLET,631000000000,,SI,9fbe72f9e3912429016b3883f77177fc,757c1b736d7abe5119451616cc9b068b,194977554,787103344
Zoogooz - Little live pets,Verde,630996264782-VERDE,631000000000,,SI,9fbe72f9e3912429016b3883f77177fc,d4fbb6b5d572add2f88d54cdca485ca3,194977554,787103346
Abaco - Pampa pua,,PAM-ABA,,,NO,49d3f1ad70960293a0cb834b33075f62,91610746f5ecb756f8159e4a2d5e04d9,171501356,651127955
Acopladitos caja de madera - Clap,,CLAP-07,,,NO,7e489be840caadae6c114f226bcab31a,2c3c5719f8146b78fb7fd13b3439f48a,55995085,1497006307
Adaptador de tijera - Luna li,,LUL-AT,,,NO,9a9f17d535bc0fd438ac47748e4301ae,6c6c155c75455e3efd7e9fdfa53725a9,329866748,1467884681
Agenda rutinas y calendario - Kupu,,KUPU-ARC,,,NO,8029017563e264e4f18bbf2968e29c31,93d5e1c429cfd0126f15ec39711889c8,244034803,1498200690
Agenda visual semanal nena - Kupu,,KUPU-ASN,,,NO,8512f58f1bc96d44998d916421e26f6e,92563d19a7dc8918cd09f6e9cea3033a,242957718,1498201350
Agenda visual semanal nene - Kupu,,KUPU-ASV,,,NO,9c6d54785d3438c52721f0803cda9076,399af0914327030ea78245324e9e6d35,242957700,1498203620
Alas de mariposa - Chicos perinola,,CP-MARI,,,NO,eb50f8fa263c7fc2ac98b883e7af5d6d,3b1caf3d916e540c1019d0c3efd87382,176671453,677447639
Album protector de pokemon - chin,,CH-APK,,ch-apk,NO,63b5c548d340d12a6218b7777e3a0bc1,726768129988ca178008716d7b525a54,246009324,1081323681
Album protector de pokemon grande - chin,,CH-APKG,,ch-apkg,NO,a783ee15aec13ad81e0a1d2d9853785c,09bd987e9aed7d68d26e5dacf6526da8,332373221,1478813619
Alfombra inflable de aire y agua mono - Bright starts,,TB-AFM,,,NO,5266af53499d0a2be17193eeb781d66d,a316a5c209c1658540c6a7cbe7d0b098,312204978,1384429097
Almohadon ardilla - Amiti,,AMI-AA,,,NO,4654c5a88e6aecaeea6ed6ba62142c43,847000ff7310509bf4e3669ed11e5e55,142885643,553204183
Almohadon conejo - Amiti,,AMI-ACO,,,NO,9c0db938779d3b5ecb5b2ee3d8148624,cfb5a48875591569efdadf354981620f,142885572,553204060
Almohadon jirafa - Amiti,,AMI-AJ,,,NO,06bd2e37dacd56898d1074dd605456b4,f1a84aa3e1f4a754ba117c10d62f5534,142885516,553203981
Almohadon leon - Amiti,,AMI-AL,,,NO,c9b435990d46d0ddbc834b0d768ba54c,60cec208a5cf779025187ec27775539a,142885467,553203915
Almohadon mapache - Amiti,,AMI-AMA,,,NO,633cc23d172ccfd77b8388a25ba8054b,745e31be49d02ddb473ba5335ac3f240,142885386,553203630
Almohadon oso - Amiti,,AMI-AO,,,NO,3e59fc1f093c4700a61f781213c8f6cc,8987164dfe7da56f4adb01e398bf9a8a,142885330,553203486
Almohadon Principito - Amiti,,AMI-AP,,,NO,27feae76ccf98161d82b4b1b22727b87,8ede571c9cdfdc8d22e43201b1761a89,176507483,675241998
Almohadon unicornio - Amiti,,AMI-AU,,,NO,809c0859999addbe71d6b7a828c8f909,27937da5d47fdd36db7497f8e630ba32,142885305,553203302
Almohadon vaca - Amiti,,AMI-AV,,,NO,cadad45c86fe0220d5f4c311dbfa53b7,f1d3ff889b86172e7c8f91ca18263628,142885266,553203138
Almohadon zorro - Amiti,,AMI-AZ,,,NO,9012240d321bfbb15fbfccd2e062e5b0,1a853a77609bc7abcd1351b887ace881,142884922,553202275
Alquimia - Didactica integral,,DI-QUIMA,,,NO,ddc3a2508e9a20f3916f70644279d2ec,57cd22ae490ddbd5fbc351a71c416823,49748379,133647617
Andador pata pata blanco - Funny land,,CRE-PPB,,FL639B,NO,2035c841e5984b32fed725ea2830e0f5,876077b7171fb37a826495baadd51ddb,261899599,1161905788
Andador pata pata rosa - Funny land,,CRE-PPR,,FL639P,NO,c89dc98abfff7770568ad2ff589218c8,7ffa8ff6231012978cc38a8f486d053e,261900301,1161908116
Animal soft disfrazado acostados 25cm - Woody toys,,SOFT-PEL,,,NO,e9cb5709ad5e8b12246dbb69c4334589,e2e296526f2e21c977c17a7eb879083d,279562733,1249834129
Animales de arrastre - Tio vivo,Triceratops,7798142811099-TRICER,,,NO,da4a1942c9a975def7824644566bbf2b,3741c82adcda1a6db1d3694e2f264b55,123903631,482928594
Animales de arrastre - Tio vivo,Cangrejo,7798142811099-CANGRE,,,NO,da4a1942c9a975def7824644566bbf2b,7971ac5457b6506077cc5f3579852f28,123903631,482928597
Animales de arrastre - Tio vivo,Conejo,7798142811099-CONEJO,,,NO,da4a1942c9a975def7824644566bbf2b,728b582bc07a4424cf6d07c77c6e8dd0,123903631,482928598
Animales de arrastre - Tio vivo,Puerco Espin,7798142811099-PUERCO,,,NO,da4a1942c9a975def7824644566bbf2b,1dec00629044866a8eccb2147fb738f9,123903631,482928595
Animales de la Granja - Er,,ER-AG,,,NO,a009eb847d33683452efd2c186c02297,4dee3ad80ff646eaaeb699ec32ad5730,58595160,173231948
Animales de la Granja magneticos - Er,,ER-MG,,,NO,4f4a850601d5d8e4635561cd124c6cd0,c0688963c80aaaace537ef4ded4456e2,95110708,361620539
Animales de la Selva - Er,,ER-AS,,,NO,0e0217d877bf7c8e7968b70c10e76090,7ea81cef554afe411b7912b7a48c71d9,58594835,173228880
Animales de la Selva magneticos - Er,,ER-MS,,,NO,c75b436b76d4dfaa1dfb92548bb672f8,35e8e4c8cf7e230193cdda25883c5e5b,95110638,361620320
Animales manta - Ñu,,ÑU-AM,,ñu-am,NO,af4fe43349a6b37093b0c12276823b5f,55f947366be4e840c0bf5e8210567df9,284751734,1274982412
Animalitos caja de madera - Clap,,CLAP-12,,,NO,65f955f1574e74c4f8a1ecd90d22d10e,ad4a3c6868b743edc9e14ce26a65f702,55996882,1497009116
Apilable de deportes - Lucerito,,LUCE-T3D,,,NO,70b7252d87ad36539cbb4bf1492403e0,1f06979f697c4b4b5bcda75e44b7d273,105754741,404125708
Apilable de familia - Lucerito,,LUCE-T3F,,,NO,4e98ca5bfebb4ae4e3d50802487f9d3c,75bdf415f7cb99c2c49853796bf754af,105754073,404122960
Apilable de formas geometricas decreciente - Lucerito,,LUCE-T3G,,,NO,cd63c0d662428ff6ef483d2c73327a2a,9d66b2564926283ebaad5a31b7dd757b,105754824,404126191
Apilable de transportes - Lucerito,,LUCE-T3T,,,NO,a2acd9c222cc304a4e94e3aa8f8483ef,f46adeb245907747d38169b7f59866e7,105754299,404123730
Apilable de transportes decreciente - Lucerito,,LUCE-T3V,,,NO,25f9bc2151c614c18ff97f679480d50e,208f37d00ad420e502718841360e2b19,105754870,404126492
Arco iris - LM,,LM-AR,,,NO,9c6e7d48476615e80db5fea3c5ba1774,4b91dec341381312df92da57b83c5222,130947966,513036519
Arco iris gigante pastel - Comarca,,CO-AG,,,NO,db05a31c79e8d8e35e03995c5aa832c9,9fa8e70a1c0cd1df4bc3cf347ed72ca5,102941693,394850054
Arco iris grande pastel atenea - Comarca,,CO-AR,,,NO,22887f6581ef8adabf0d435d7b910ef9,4079c68f2f97eb8daca6f44201e549fd,102942213,394852908
Arco iris grande pastel urano - Comarca,,CO-AC,,,NO,2a35365b50ffc1428f804ef295b9b001,73a2b8aee0b7f146491378d33d4b721a,102941993,394852109
Arma Pulseras de Hello Kitty - Sol,,SOL-PULHK,,,NO,d086fdcd68036e47fa67005eefc395d2,2fa64c30a768bd70d82a0bc764ffd171,313491522,1388925055
Arma Pulseras de Kuromi en valija - Sol,,SOL-PULK,,SOL-PULK,NO,54775aac9be206fa84ef63809244ae8e,5b1369c401350c8df2565723071d8b2b,313485768,1388905950
Arma Pulseras de Stitch en valija - Sol,,SOL-PULS,,SOL-PULS,NO,0881b44862a01fc9112b4f96566ce0e8,e47e87c82054e7434eda5b70b2b7bc50,313484721,1388902879
Armonica - Classic world,Violeta,6927049045394-VIOLET,,,NO,5bf994d5347e344ed1ae468cec300dff,c2307e449e230611da12a8206b51b600,142338647,551601355
Armonica - Classic world,Gris,6927049045394-GRIS,,,NO,5bf994d5347e344ed1ae468cec300dff,de8815343ad9c96035ee0284fa2dd1ac,142338647,551601357
Armonica - Classic world,Azul,6927049045394-AZUL,,,NO,5bf994d5347e344ed1ae468cec300dff,dbecb1d102334bdcce77ab2e8955475c,142338647,551601358
Armonica - Classic world,Naranja,6927049045394-NARANJ,,,NO,5bf994d5347e344ed1ae468cec300dff,455cba7cbba1a6882054bc6063f1b300,142338647,551601359
Aro con sonajas - Minimento,,MM-AS,,,NO,fd4645e1b3d1dd430e66bb5b3f1ce838,c987e89e3b6d7c2723ca794732737795,142953641,553416872
Arrastre cocodrilo - Comarca,,CO-CA,,,NO,b313d8430d06370d1712e50fa1cb156a,122c24b22201e9d6d615977f8b9ceec2,102987490,395006440
Arrastre perro - Comarca,,CO-PA,,,NO,293fc1dff2b1dad7c22cfe63b260b22b,c358e3dcdd49bf01a9fec8a9b610ccc9,102984824,394999786
Arrastre pez - Comarca,,CO-PZA,,,NO,cc9d6d65261dbf68af7777967cfd5118,6da2fefcd571cac111c22ed524973d01,102984207,394998487
Asiento baby - Bestway,Celeste,6942138900996-CELEST,,,NO,2aa18df1022d0adf9d0ca3e5338f4c99,4f82dd5f6cdd55de9e01764a2a4b77cd,142691110,552749567
Asiento baby - Bestway,Rosa,6942138900996-ROSA,,,NO,2aa18df1022d0adf9d0ca3e5338f4c99,8644c31af80cd799850aa5dc1d8921ed,142691110,552749571
Atados de cuerdas elasticas - PSF,,PSF-ACE,,,NO,4c8a1d6ad1b0a997c51fef40274735c8,8a623f5faec71504d5116c9c8e15fffd,237515124,1042068182
Atrapasueño macrame - Art Show,,ART-AM,,,NO,3f6a93f149ec9fa52e4bc3b3bb69dd8d,408446ccc03535c906f6780b5c2478a2,94816645,360406543
Atril 4 en 1 - El taller,Rosa,TR-ATRIL-ROSA,,,NO,11912e9900ebb2f44cd7c428a098c6a6,15b0bf502e537559604244ab8aa8ee38,178713155,687940824
Atril 4 en 1 - El taller,Verde,TR-ATRIL-VERDE,,,NO,11912e9900ebb2f44cd7c428a098c6a6,f67c5a1e9c690a752e567388423a7b53,178713155,687940825
Atril de colorearte - Colorearte,,C-ATRIL,,,NO,3a25c31ef110bee35d4807894540e2b6,77f01548ed15c76ae56336d75abda75b,49484466,132830597
Atril de pie xul 3 en 1 - Colorearte,,C-AP,,,NO,b3d1e7b31cf97240ffaad9c3f89841a5,c74a865b3e0f382abc3f4c620cc924f3,360489969,1575120731
Atril doble faz - Fire,,FIRE-002,,,NO,bc02afc98603dc9e142650bed247e817,0e708eb30b84764f4a77fee1e64966bb,57882202,167253736
Atril doble faz grande - Fire,,FIRE-001,,,NO,6727c7a21db100d8b1bee74ad65705c8,8b4d5f9b0971ab3f9bbeda6614f5412a,190261161,763419216
Atril solo - Kupu,,KUPU-AS,,,NO,d08184f45f116ca440e4555e42606513,0ef60998456da5905a6ebfadd6753cee,242959221,1067290883
Auto cars metalico a fricción luz y sonido - Sol,,SOL-CARSG,,2807,NO,e0b31123714b83f8871aa884a0ca24e7,779ac84af9f9f1af9cbeb4533298f493,365716312,1591332230
auto chico camion y grua - Comarca,Camioncito,CO-AU-CAMION,,,NO,7d83f2014a95a7aaf17d560d498817be,aa91143e9bdfa89bc8bf7a388b131bf7,103015146,395083608
auto chico camion y grua - Comarca,Grua,CO-AU-GRUA,,,NO,7d83f2014a95a7aaf17d560d498817be,641dda8ce8eddbf7fceba7cae2aa8d65,103015146,395083609
auto chico camion y grua - Comarca,Auto,CO-AU-AUTO,,,NO,7d83f2014a95a7aaf17d560d498817be,8cd218f3add4c1f4dc40e391bdca3480,103015146,685541475
Auto Mars chompin race - Hap p kid,Cocodrilo,672552415078-COCODR,,,NO,f5b0ae3aa77589a4671dad1357ad1269,e8d6cd599bdc212ee1303345bac23614,125036847,487426211
Auto Mars chompin race - Hap p kid,Tiburon,672552415078-TIBURO,,,NO,f5b0ae3aa77589a4671dad1357ad1269,92ccd69642a62800b8408e4d9efe1003,125036847,487426213
Avion grande - Comarca,,CO-AVG,,,NO,a5c7da06178588a2722c7cab7a41ac7f,f954a6f0eb464d7e2de40c97aa5633a7,126342581,493010080
Bailarinas Musicales - Feli,,FE-BM,,,NO,2c6dc79a3413d245dc6a78b36def5e50,4070a7dd46765bbfa70037e3308468a0,338178733,1503150074
Bajada geo - Comarca,,CO-BG,,,NO,6051ee80d998cd0a77a2f9f88ac1a246,e9a7443ac16978e6beea9a75bd81db61,128449828,502131638
Balancin Hamaca Trepador - Er,,ER-HAMA,,,NO,7e0c3a247a44aea410cdf21286847a08,a36e64c33bcbaf40b0840440053b5ead,104511323,400000387
Balancin Hamaca Trepador - Pampa pua,,PAM-HAMA,,,NO,36b89b843093ffd2a14d72b3da03c073,945a9d5cfdda5e571255a1649e354e74,171494652,651100291
Balanza y canasto - Calesita,Rosa,7898664630007-ROSA,,,NO,e57fd49832d49ffb97f8b978d6c926e3,18f2f5a450eeeee231b6f97e3d08851f,114879393,440814020
Banco de descarga 8 cabitos - Blower,,SKU-731109,,SKU-731109,NO,prod_murj38v9wyvmam,var_murj38v9vaf0ln,371675847,1611064435
Banco de descarga chico - Pampa pua,,PAM-BDC,,,NO,ba881baa099c3304b886abb22fea90ec,fd76e635fc9b0f11ff672673c7385fdb,171497602,651111658
Banco de descarga grande - Pampa pua,,PAM-BDG,,,NO,6f8c7c676c15caac402948697b69458a,23193449f55ec4098c3afb23cd263c21,171497514,651111335
Banco de herramientas - Luxury tools,,DU-BE,,,NO,e770fa9bebfce22ca911dea78798fd77,7a61028f2aa590d4fafeedcc3ddd6f7e,125707145,490295939
Banco didactico 4 juegos - Pampa Pua,,PAM-B4,,,NO,f42a8ba171b858232d3a3e259a607695,74e6870eb7591dcb61953732b85b09cd,171494352,651099001
Banco didactico 5 juegos - Pampa Pua,,PAM-B5,,,NO,0956d6fc1ac39d92633776479ffa0159,a2668105a31b3a5a9ae22a584501d0cc,171494109,651098310
Bandas para silla - PSF,,PSF-BS,,,NO,c16165c07bdc68d8904ca84b9e175cbb,5d1114f1229b6c3b453969851956ce6b,237540092,1042189165
Banderines nordicos - LM,,LM-BAN,,,NO,2f0f575963394b873c52c881d9044434,d4e14ea4fb3beb920bd522cb78f68c25,130948299,513038041
Banquito escalera - El taller,,TR-BE,,,NO,3fa797eededae1f79ee8145bc542ae97,1380dc4077af0882dddcb039194d73fd,213249324,933844090
Barco de encastre - Pampa pua,,PAM-BE,,,NO,1407a74b25598c8dec194134ebb18084,e0462dd4217c54cdafd2e848853895fa,171498719,651116094
Barco de encastre y arrastre - Pampa pua,,PAM-BEA,,,NO,7eb96a1710908479d55deb14027ac37a,8f866136084fbab7c68029b141ed3bab,171498699,651116007
Barral animales - Woody toys,Leon,815787028679-LEON,,,NO,ef77808d2ba29589ceea358489c95e6e,60cdb472ded0f277634797270677e65d,186853965,733515825
Barral animales - Woody toys,Zorro,815787028679-ZORRO,,,NO,ef77808d2ba29589ceea358489c95e6e,3db5df9036102881f5ae62ef8724dd8b,186853965,733519269
Barral animales - Woody toys,Elefante,815787028679-ELEFAN,,,NO,ef77808d2ba29589ceea358489c95e6e,68e3b5b27e32e3da7a8ddd1c780c44b1,186853965,733519273
Barral Espiral constraste Buho - Ing,,ING-BEB,,,NO,e527764d25055cc5232cd3e2863dafb4,9a851bbf2f56b9d66db51323ae8907dd,275504406,1231199081
Barral Espiral constraste mariposa - Ing,,ING-BEM,,,NO,40c9cee24efd50161612ddd7d427ac07,6cf601c1b5bff7182fb87e5012d08db5,275503811,1231198971
Basta !!! - Ñu,,BASTA,,,NO,103aea9cb5536485603387c9014aec7a,d900f7c1a730cbbc57bbcf77513f589b,257827349,1482005208
Bastidores para colorear 20x20 - Deco,,DECO-2020,,,NO,6ac9bce700bff5427e7baa96cbe41be4,d175c433bdf55190fccb495145590209,65186665,215776484
Bastidores para colorear 20x30 - Deco,,DECO-2030,,,NO,a8bb0fcd42c563c27a9d345722d72d03,3ae6bc89b291a110f2c16653ad96d031,65184444,215760249
Bastidores para colorear 30x40 - Deco,,DECO-3040,,,NO,babf09b9c4f48f3f808d45d85407be78,5552c41329d21a913914461be9e80b36,65180675,215723048
Bastidores para colorear 40x40 - Deco,,DECO-4040,,,NO,af91c54ec4c01a49c09227888ab1a822,e3607e6b14561d14b6b91c29686113f7,65179638,215717544
Bastidores pinto con numeros - Clap,,CLAP-BPN,,,NO,fb27c10fe8c1ea8f744c447e86c4c655,a0c382f03fc8358959970c6221aebf58,287263774,1285816771
Bebe Abril/Santi Sexo definido Art 118A - Casita de muñeca,Nena,7798293841433-NENA,,,NO,57771b63bcd53b38cfc4ef699a5b3aa3,4fa4e72a308d4b0ea61c5b9d3aeb6a83,69674408,353252973
Bebe mini bosque - Casita de muñecas,,CM-BB,,,NO,7245f10431a085eb57d3a248280ba456,937795de7891293c8340d8b45a30be34,357882719,1566270237
Bebe mini mundial - Casita de muñecas,,CM-BM,,,NO,1013f391fa70d424357f2f6ea06b9bd8,75f89231aed69f93b8bcf925931cd80a,348749930,1538324924
Bebe reborn goma Guille 48CM - Muñecos reales,,MR-GG,,MR-GG,NO,832672d56317822cc85a93fc49da708a,355d98f4e85887f95a740b49524ecbc7,246926668,1086569124
Bebe reborn soft Alaia 48 CM - Ing,,ING-BRA,,,NO,a068222b47af50f267375e53a2f10de3,ed2901a03a172ba8821b8c0d4d14b6bf,278990056,1246953561
Bebe reborn soft Angie 34 CM - Muñecos reales,,MR-SP,,MR-SP,NO,f53c88c9c1bf9b39a799a4a0ff932d23,0574ddcadeef7edb87bb02eb1933c5bd,252284167,1114375147
Bebe reborn soft Arena 48CM - Muñecos reales,,MR-SG,,MR-SG,NO,be87fc82ccbb0f76ce76be34401ab7a2,5c6e070a432b2716a462352045290962,246928341,1086575003
Bebe reborn soft Chloe 50 CM - Ing,,ING-BRC,,,NO,f796c05ecef4619f9dd9dc9e1713189d,c157fab86e7ae758bfd4acb0dfb320b2,285256659,1277061845
Bebe reborn soft Lara 55 CM - Ing,,ING-BRL,,,NO,d6a359d8b27a32d7df487bda292c6cde,21fb5c20c6cd6dbda5df45f5333c65e8,285257568,1277067215
Bebe reborn soft Luisa 40 CM - Muñecos reales,,MR-SC,,MR-SC,NO,88c5143a4a29cc77ab44809b3721e3d0,c17d70ff137b343ffb2dec51d367f418,246926582,1086568899
Bebe Vestido con ropa de verano - Monsi,,BEBE-I,,,NO,3b5c26f9b32b1b2e2659d0bae7723579,6a4fd5d3577c42fdc8c90ab47ebc0335,54431838,149064513
Bebes reales con vestidos y pelo - Ñu,,ÑU-BB,,,NO,fc02f449ec95a0ee711ff8f19786d182,62130abc5018be531f2537cb92df3349,287374846,1286251221
Bey blade alternativos - Chin,,CH-BB,,,NO,6b44a8043a89a33115e6990a6ab40bc1,950edacebd48737d60b32a893d4686e7,93293339,1496655972
Blister frozen - Planchitos,,PLAN-BF,,,NO,3f104f7c99f883076d63da792459e4de,08c488fcf0570457720b0b56b17a4001,128994724,504739176
Blister mario bros - Planchitos,,PLAN-BMB,,,NO,4826cc0c22f59a2456e8501e31a7759a,b5b514b8c2c2888e874b3790ff1230ef,128995200,504740538
Blister starwars - Planchitos,,PLAN-BS,,,NO,83ffd02f357a4253c94858ad893012fe,37c854a2c4f66e5d2b8c094da973d1e2,128995650,504741881
Blister super heroe - Planchitos,,PLAN-BSH,,,NO,fed1bb9f9e5c70b44f506e86b57c2e37,f674156b34e1bf87660cdb2f69596097,128994295,504737404
Blister toy story - Planchitos,,PLAN-BT,,,NO,450b51377ebe405eab886a54af270008,167193f5bdf7d5fadeb0ebbd383a22cf,128994192,504737018
Blister unicornios - Planchitos,,PLAN-BU,,,NO,74e239ea9e9a3fc584a4aa8a52d6aed5,24a6f78d77477dd8a62dfb4989cec8c2,128994828,504739459
Bloques de Minecraft 120 piezas magnetico Estuche Creeper - CH,,CH-BMC120,,,NO,4519ef2bec033043b1d07faa26045fa7,dca94a23c9c5e016b7b728eb3229a6cd,351608368,1546746943
Bloques de Minecraft 120 piezas magnetico Estuche TNT- CH,,CH-BMT120,,,NO,ea2ba2e37b2b31bdbc57046ec520f493,882ddf880c001b30148b359d29f275d7,351608682,1546748345
Bloques magneticos 36 piezas - Magic magnetic,,ÑU-BLOM,,ñu-blom,NO,c4f29d0c9e01670bf5ae26f52a910704,9ebbdef82281bd725502f286894f9886,277490226,1240079648
Bloques magneticos 42 piezas - Magnetic sticks,,ÑU-BM42,,ñu-bm42,NO,9416a420ba3ed5d27d059e2cdd57ce0e,fbd734e7e30734423499261ee9e98742,284714706,1274865279
Bloques magneticos cubo Minecraft 105 piezas - Ing,,BM-MI105,,,NO,e5e5cfbc864575ebceb573d62c9b3d39,2c8988956a52c67abb6b6350d29dde91,358874716,1569400519
Bloques magneticos cubo Roblox 72 piezas - Ing,,BM-RO72,,,NO,9fe740f9f4cfe59b27d2d0b97a8a9ef6,7bddd687e9474372e956c7d5a7c419b2,358874417,1569399808
Bloques magnéticos geométricos por 10 - Magnetic,,DJ-M10,,WLH-804,NO,b974ce81b84686b73bd4676b8b19d5b8,6bf7fb97b43f144331f973ff3ef207bc,307165811,1365080895
Bloques magnéticos geométricos por 15 - Magnetic,,DJ-M15,,WLH-8034,NO,c0ad23b8b8a74170c5ea4bb13e76f810,54ff0734fc12bbddb3439afdf7031803,306734235,1363236957
Bloques magneticos minecraft 100 piezas - Sol,,SOL-BM100,,,NO,edb83facab8e0c37e7cb9074742d535d,2a8c1c15a2c01007502fe5e10b226481,332570314,1479548399
Bloques magneticos minecraft 68 piezas - Sol,,SOL-BM68,,,NO,7790c435df3c19d3234d877bf5041fa8,90c4470b29d07a4447393a709c7d93b5,332571471,1479551843
Bloques magnéticos minecraft por 50 - Sol,,SOL-BM50,,,NO,e2ff42dce11cdb3c8cbf696cac9ec9c4,9b65de66c0240228ce399a6db73128c0,365717424,1591334967
Bloques minecraft magneticos por 128 - Ñu,,ÑU-BM128,,,NO,8cb4a73dc26b2877aa1d7e4182ee0236,bba5e9c69d470e64df2ce9e540261912,308674156,1371201749
Bloques minecraft magneticos por 34 - Ñu,,ÑU-BM34,,,NO,c5ebd1784a69674cba2cfa773aa2bf9b,bf88abd8be0310f07e0d91a17c289f78,286639814,1283068568
Bloques minecraft magneticos por 50 - Ñu,,ÑU-BM50,,,NO,6182099a804142960f638ebbbd49666c,4e8426ae0850c43bf7d05c87e6f66985,286639259,1283066174
Bloques minecraft magneticos por 53 - Ñu,,ÑU-BM53,,,NO,8f4d6c81e9d5a52e0b2f6fe1c8aa68cd,328c5db7f27ccb71cf866c2c46c6fc69,286639019,1283065458
Bloques numericos - Luna li,,LUL-BM,,,NO,fa81db06cbae795a65d4c69dae766c67,28c87739a1276e8011387a4e9c142726,329890124,1468000565
Boligrafo borrable osito gira - Colours,,COLO-BO,,,NO,16ee2367288972747ca7195c1a34b8ec,06417ce27b0408fd90c07e557da3c2b8,254401459,1123270088
Bolsa de boxeo - Fire,,FIRE-BOX,,,NO,daf8b2b5616b345417e277344e2255de,e4489e7093c4b0330dce92efe2213ccd,246874385,1086350940
Bolsito de cocina con accesorios - Blanqui,,B-COCI,,,NO,a1335d9e23a008fc9b72c8cd5ca8e4bd,37a71ac135714556a9994aa130ab36f4,166171356,627988804
Bolso cambiador - Casita de muñecas,Gris,7798293841594-GRIS,,,NO,91d511424a98a5061c744ccc0a086c80,8c24ea55064aaede7aa09be1ba2fe394,220747341,970220953
Bolso maternal - Blanqui,,B-BOLSO,,,NO,64d62cbfaea95053e8d843a395620583,c6771d73bbf061af0e0300d3f437d15f,95017805,361217804
Bongo cromo - Minimento,,MM-BON,,,NO,d4305f9e19631f8a6a182c72e580c192,4e7d7dc721d5a120c75be74f224c9669,142964256,553443614
Boomerang en blister - Fire,,FIRE-B,,,NO,f00a5d04c480ca32c92685da80caf776,11d19a3a042e9f8fab3c109db7de3e42,103558590,396955911
Bordados - Art show,,ART-BORDA,,,NO,69df704cfb41ccaaeb794021935716b9,202f3d310982412337038213d85b1ad0,127015545,495685276
Bote asiento fondo del mar - Bestway,Celeste,6942138976250-CELEST,,,NO,2602718cfada89c2b26e5f4118d46789,028a9be39f68ee7e4c05a970dd9175e9,190422372,764691222
Bote inflable de animales - Bestway,Rana,6942138903959-RANA,,,NO,72cd9618e8ff585cdb522935ae4a3333,cc0f0c14d026cf934c36c756eb05c926,69020219,535537256
Bote inflable de animales - Bestway,Ballena,6942138903959-BALLEN,,,NO,72cd9618e8ff585cdb522935ae4a3333,fc743e121ed9f4903873f6b9de1f3fd8,69020219,535537257
Botella plegable pelota futbol - Footy,Negro,7792621082284-NEGRO,,,NO,20a40acd50bbb19b8cf9506e580834c5,21325ee8dceeaf802ac729e9d3e178e6,111541170,439806899
Botella plegable pelota futbol - Footy,Rojo,7792621082284-ROJO,,,NO,20a40acd50bbb19b8cf9506e580834c5,9ca5f031585f6215754aae2e2447c6f0,111541170,439806904
Botella plegable pelota futbol - Footy,Amarillo,7792621082284-AMARIL,,,NO,20a40acd50bbb19b8cf9506e580834c5,7347b14e2307aeaca2f128e1e66bdf1f,111541170,439806911
Bruja Abracadabra Mary - Lau,1 (3 a 4 años),DN-BAM-13A4ANOS,,,NO,2d216107e18f008e9db9bf61287de702,08635ec90f1fa99055e0e392ded60487,185738121,1331825241
Bruja Abracadabra Mary - Lau,2 (5 a 6 años),DN-BAM-25A6ANOS,,,NO,2d216107e18f008e9db9bf61287de702,7a58b2d9078519676ecc18634f62c437,185738121,1331825245
Bruja Abracadabra Mary - Lau,3 (7 a 8 años),DN-BAM-37A8ANOS,,,NO,2d216107e18f008e9db9bf61287de702,5f917aa7f934de907e611c002cd40344,185738121,1331825250
Bruja Abracadabra Mary - Lau,4 (9 a 10 años),DN-BAM-49A10ANO,,,NO,2d216107e18f008e9db9bf61287de702,7bc1fef2160852ea6eed96a7336d694c,185738121,1331825253
Bruja Abracadabra Sarah - Lau,1 (3 a 4 años),DN-BAS-13A4ANOS,,,NO,831b928f389be7a341e9f34f7c67349a,321fdbcad8b6e876225287afec2a393c,185738922,1331820443
Bruja Abracadabra Sarah - Lau,2 (5 a 6 años),DN-BAS-25A6ANOS,,,NO,831b928f389be7a341e9f34f7c67349a,55ce6ec0098c9d79f4b071ad7b715fbf,185738922,1331820454
Bruja Abracadabra Sarah - Lau,3 (7 a 8 años),DN-BAS-37A8ANOS,,,NO,831b928f389be7a341e9f34f7c67349a,0a689f71dbc2912cda4e365f8e386274,185738922,1331820461
Bruja Abracadabra Sarah - Lau,4 (9 a 10 años),DN-BAS-49A10ANO,,,NO,831b928f389be7a341e9f34f7c67349a,70f4dcef5451e85b71c21c6e9101507f,185738922,1331820470
Bruja Abracadabra Winifred - Lau,1 (3 a 4 años),DN-BAW-13A4ANOS,,,NO,c75796ce1142f8982ecf9ea90b97b71e,af868423d1bd054597ade8c6fb950dcf,185735580,1331825301
Bruja Abracadabra Winifred - Lau,2 (5 a 6 años),DN-BAW-25A6ANOS,,,NO,c75796ce1142f8982ecf9ea90b97b71e,9d58b571d2bada08eee5166a3c07a536,185735580,1331825311
Bruja Abracadabra Winifred - Lau,3 (7 a 8 años),DN-BAW-37A8ANOS,,,NO,c75796ce1142f8982ecf9ea90b97b71e,020e0027810d623c9abb041b9832eb9a,185735580,1331825321
Bruja Abracadabra Winifred - Lau,4 (9 a 10 años),DN-BAW-49A10ANO,,,NO,c75796ce1142f8982ecf9ea90b97b71e,ed32f76669fbc916028e99a2ac3c8fce,185735580,1331825329
Butter squishy chico 14 cm - Gab,,GA-BUC,,,NO,1df8fb33860281d7994b80b580a52f69,6ad1d8610212d8c5482aef297052eeca,367377306,1596634523
Butter squishy grande 22 cm - Gab,,GA-BUG,,,NO,427a6d1379eedcee4f1c59a80a8a172b,1d8c4e569fc1fc21a353561e47cc29e0,367376722,1596632382
Caja acrilica Amoug us - Planchitos,,PLAN-CA,,,NO,eda4fbafe27ac03acee0f40455b5dbe6,2faa2341ebe67c63dafa7ec2f595c43c,128933932,504441761
Caja acrilica circulos - Planchitos,,PLAN-CC,,,NO,652a2f9115c38409f4ca65fd64d9dfe7,921b4c9e8866881fc1271c15142033ba,128939254,504465928
Caja acrilica collares - Planchitos,,PLAN-CAP,,,NO,1a0c4033709d9321d963165913a2e39a,078fd11e4cbd1d3a4f37bc0939044908,128940163,504469085
Caja acrilica corazones - Planchitos,,PLAN-CCO,,,NO,3ef640ccde967d031d9984112eeffa30,3d4348aa3b57cb2fa5f3f02b9672c7f7,128939675,504467213
Caja acrilica dinosaurios - Planchitos,,PLAN-CDI,,,NO,959d4b88ebc6e553c13b26b6233a985b,dc02c0d714a69947c97c54129af1f34f,128936709,504455507
Caja acrilica flower power - Planchitos,,PLAN-CFP,,,NO,8a8318526abf92615e0be9b369de4535,c31ed62cbde55a58fea7d9c15c02e47b,128936087,504452538
Caja acrilica harry potter - Planchitos,,PLAN-CHP,,,NO,3996f01452a52bdaded84f2b9b341300,71ce7f13744a98712d8006e207120fd9,128934437,504443822
Caja acrilica llamas - Planchitos,,PLAN-CLL,,,NO,9d58702e0db9ab8d055cbbf54b1ea53c,199c79db026eae50bc703a75b3cd79ce,128937674,504459719
Caja acrilica llaveros - Planchitos,,PLAN-CLV,,,NO,bdf3f964ea1ff06efe7f64db94bd2837,5fd73f160bdb5284dee9b045864f512c,128934748,504445578
Caja acrilica mis caritas - Planchitos,,PLAN-CMC,,,NO,07c3c333e4d3d05815af2fde560e7e9e,db8f4c6132f45646d8e47e22a7f8e159,128937550,504459292
Caja acrilica pokemon - Planchitos,,PLAN-CPK,,,NO,444989c1f0ef14ed6613b9d7cd4b6a0e,95f4daa704934d4246864b222c5cb0c3,128936360,504453798
Caja acrilica unicornio - Planchitos,,PLAN-CUN,,,NO,630789432632ed4182c958b246aceb9a,2b8cfefb14a29e1290df16ffa3e029e7,128936569,504454926
Caja cubitos cromo - Minimento,,MM-C4,,,NO,d54d0ccf53066c4059bad1b97dca6203,55857b82715ddad4e5d91ec3d26aa6ac,142957527,553426233
Caja de arte - Clap,,CLAP-01,,,NO,7010d7f76d350b16131e3789659bfc2c,e5222b7d96983267291b49149427339b,56010862,155934530
Caja de crayones por 13 - Colorearte,,C-13,,,NO,7725bbe434587a66a64b06811131d9b8,aefb4b8c5a95548186f8b297303964b6,69342920,249979827
Caja de crayones por 8 - Colorearte,,C-8,,,NO,3c05a5b4ee734aa07af48c9cbfbda304,d7fb56f35fbcaa62117d013fb0acae4e,69343169,249981730
Caja de herramientas - Jesus,,JE-HE,,,NO,f1403af954f41224282226bac3eb3019,059d8cccd66aeff6a7833fa5e8eed89e,179538511,692030652
Caja sensorial por 6 - BS,,BS-CS6,,BS-CS6,NO,prod_muocik9ykan8e7,var_muocik9ypegr8y,370963914,1608913325
Caja sensorial puzzle por 4 - BS,,BS-CSP4,,BS-CSP4,NO,prod_muocqbtq1ysxc4,var_muocqbtqumdcbq,370965219,1608918436
Caja sensorial puzzle por 6 - BS,,BS-CSP6,,BS-CSP6,NO,prod_muod20q3sjxdh4,var_muod20q383p5ut,370968128,1608927399
Cajon de frutas y verduras - Kiwi,,KI-CFV,,,NO,e7a07709263fe4d8e4d18ca8082377f1,746230af241068c1a5df59849fa192e6,119989466,465593866
Calculadora Sanrio - Sol,,CH-CAL,,ch-cal,NO,491f0bf7be950095b6ea33436d566d6e,e765e699b4ca6d73e43977eb650df647,252128725,1113677353
"Calendario ayer ,hoy y mañana - Luna li",,LUL-AHM,,,NO,dd5e2a8306bb6c83e69d5e9687823f85,c5e9d10a19b6fd17ebe21d83e8eb3eca,329900418,1468042121
Calendario imantado - Ludme,,LU-CI,,,NO,b54069378a36eb5b4cd2dd7a80b60511,0b6308329b2261a942cec37016ea5637,202244267,1482005367
Calesita Musical - Felisarte,,FE-CA,,,NO,f57ffb4a5deda5cc7d68bb8ce6a897b7,9eaad21f07798d23a0e02ffd7966e921,338179278,1503151943
Cambia la ropa - Cubeta,Rosa,2007505061466-ROSA,,,NO,40f17ba9d4474bec90d0ab6020214afb,139a7c750f1b0c812cd828aa655c8893,112876650,432653183
Cambia la ropa - Cubeta,Celeste,2007505061466-CELEST,,,NO,40f17ba9d4474bec90d0ab6020214afb,e8b50155cb97ce6f1048ffcc7510e52e,112876650,432653184
Canasta Alfajorcitos - Manos a la Masa,,MANO-ALFA,,,NO,0952fe1d3dc9b10cdb2883ce8925271c,27eeecb33385e76e2a34209a44c77067,76792780,293869917
Canasta Bizcochitos - Manos a la masa,,MANO-BIZ,,,NO,dab0b412f85f7e7f7f6772e8d363d553,20da241edc7927ba6f0578828d3679cc,178479735,686664245
Canasta bomboncitos - Manos a la masa,,MANO-BOM,,,NO,17126a22acb361cb75a452e4ce8e6c02,0094bde42d81e0b43a279d4e09b3c411,116950470,450311290
Canasta Chipa - Manos a la masa,,MANO-CHI,,,NO,918df0843ff83eb929a0f6ba93a5e2ac,ffe6be5704d8d77bbc478b91bdff9b67,116945635,450294304
Canasta de cocina grande - Dak,,DAK04,,,NO,ed0b5a2e4d914d2cde31b148706011e6,00f75672f49d637cefd7320cd423a8a4,129461839,506763268
Canasta de la salsa - Dak,,DAK05,,,NO,8dcfe68758f3fafd2de2f61f8fb34f6e,fe4c8798ba0d49005f38f75a426121c7,129463367,506770889
Canasta de mate - Dak,,DAK01,,,NO,535ae1a059a23cca1dbde0758ec29a72,db5121e59f43559a2ee876aae5076e8a,129460024,506757023
Canasta de mate alpillera - Dak,,DAK02,,,NO,2632101bd98e42bbf13078f274bf9153,d1b1fa8ba4a00884fe0f9ccb18894a33,129460298,506758681
Canasta de mimbre picnic doble - Art sho,,ART-PICNIC2,,,NO,005027be314615e7de5b61d11b008bdb,d9a875d745261300865d9162169b6622,127006367,495642745
Canasta de Te alpillera - Dak,,DAK03,,,NO,e728f3ffd40bf41ff2674ce966ab1260,0932387553778e332b835a9c2b9144de,129460415,506758941
Canasta Donas - Manos a la masa,,MANO-DO,,,NO,f72d7723f53ea0faf32c744884e1615c,2987718ce15c65160f1c20e3636aaee3,178483458,686681432
Canasta Ensaladita - Manos a la Masa,,MANO-ENSA,,,NO,7ea421a1f34c81b1c8b50220305622da,f2f627678b96df6fff0c4ae75ef06fca,76790497,293862939
Canasta Fideos - Manos a la masa,,MANO-FI,,,NO,a13c824b99c1a396bc4a8c4391cc5b4c,c80abbde7e9b4680d9270678aef93551,178487839,686708237
Canasta flancitos - Manos a la masa,,MANO-FLAN,,,NO,82e04367ef662e088ba4bcb10687d58c,80eb12b4869839fde0f603ede45b7449,116947541,450300182
Canasta Galletitas - Manos a la Masa,,MANO-GALLE,,,NO,6a29487c6afed774fd50c790cb3c55be,bf6109e22e8091f5846319cc1d37a6c9,76793764,293876211
Canasta Heladitos - Manos a la Masa,,MANO-HELA,,,NO,d1c9b2dbe2b51e8299bea0069d684ab7,e9c3b4d94bab39edadfa73390710ce71,76793987,293877239
Canasta Merienda - Manos a la masa,,MANO-ME,,,NO,aa45220ce701f2654aef653df4f66f3d,19edf0eb1bc18b363935285bfff3eee3,178487198,686704115
Canasta Muffins - Manos a la masa,,MANO-MUF,,,NO,4e19362ff37fbf5d8a4f4ad877059407,0aad6f4624a1afa4a5ed3a11ae4c5650,178482058,686675372
Canasta pascuas - Manos a la masa,,MANO-PAS,,,NO,a2c60865a237244e666780cce19e271b,ec29d4051e9f9cced5ff51d54140a14c,116952936,450322062
Caña de pesca - Comarca,,CO-PES,,,NO,5596dae7144056a957a1b6dadf723b63,1fb816e6b194c75cdb46ea7d4ceef96f,102982081,394992340
Capa de mago estrellas - Lau,,DN-MAGO,,,NO,f7abee6133a92bd4042212ec28da39c1,1668b7c39f216020d133b9c2f421a6e6,139835102,541981151
Capa estrella - Fam,,TF-CE,,,NO,488c1c7c1ccd2c893a55349e15deaea3,b044611cdef15afcc8a1efd6b428e184,221508010,974562915
Capa hermano/a mayor - Fam,,TF-CHM,,,NO,a05249e1cd2d183453bfa173945db029,ca910a45dbec7bd302ef411d4bf007d7,221510653,974572103
Capa hoy es mi cumple - Fam,,TF-CC,,,NO,854c351bf9bf666574fb28acf43b9715,3b24ad0f7519d6d0a0c4eb32e6f60695,221513415,974578091
Capa soy valiente - Fam,,TF-CV,,,NO,618a03d22a8dafe3835a7e19e800dbf7,4e2c74f20b9a7d5d92318ef27180c992,221515146,974583695
Capa y chaleco Dracula - Lau,1 (3 a 4 años),DN-DRA-13A4ANOS,,,NO,44a75d941fe2b7c873112a3e360f56d9,7493c69ae3c0b186140d7e487e8794a2,139373095,1331811825
Capa y chaleco Dracula - Lau,2 (5 a 6 años),DN-DRA-25A6ANOS,,,NO,44a75d941fe2b7c873112a3e360f56d9,051eba7d8bc9487c6c4a0a390df5e099,139373095,1331811835
Capa y chaleco Dracula - Lau,3 (8 a 8 años),DN-DRA-38A8ANOS,,,NO,44a75d941fe2b7c873112a3e360f56d9,44dfa469d391071cf5aedd8c5593fcc2,139373095,1331811840
Capa y chaleco Dracula - Lau,4 (9 a 10 años),DN-DRA-49A10ANO,,,NO,44a75d941fe2b7c873112a3e360f56d9,d8ed5bf9c824b66679eba2d7cf1d341a,139373095,1331811845
Capibara cartera - Mei,,MEI-CC,,,NO,5e4a800c34f340b7da3ceff1a85f0b66,377c77d92087c02240cbfe2dce8ea44e,249762657,1100845579
Capibara con camisa y gorro - Cele,,CE-CCG,,,NO,4ca4096e24c7f1287cd18155ace11221,a85b3bbcf70cfc035ba0beec372eb1ac,248951879,1096918504
Capibara con Fruta - Sol,,SOL-CF,,,NO,df280308d16b79ac30b1faac690a4dad,3b36e3393d2c2e94420fabf3e62f91d9,270868100,1209818589
Capibara con mochila 30 CM - MT,,MT-CA,,,NO,86742cb11f8287c2273f70f16d902e3b,20b3470ac593608e2f333944248e6a09,233497941,1025737764
Capibara con Tutu 30 CM - MT,,MT-CAPIT,,,NO,858e8340dc773f3673899685807d9dd1,c3262bc5c58538a9ca333de2ab16b511,239633030,1052232367
Capibara manta - Ñu,,ÑU-CM,,ñu-cm,NO,aca60401022ffeb713aa1b1c9a819ac7,3948e095d1b1745fd3508067133788cc,277464954,1239941892
Capibara muñequera 20 CM - MT,,MT-CAM,,,NO,04d13a47eff35e35e44b9c8dcacf1b81,6c0a5716d49d2bd1795a4dfd1317c164,233498606,1025740102
Capibara que respira con luz y sonido - Ñu,Marrón,CE-CR-MARRON,,,NO,4973d879f8a9f6ae29e5ca61d173a2fd,15c4e42fb0384c651ad6d72289e7da97,248948418,1274922942
Capibara que respira con luz y sonido - Ñu,Rosa,CE-CR-ROSA,,,NO,4973d879f8a9f6ae29e5ca61d173a2fd,34f16833a4a7a7554ade67bd3b2451be,248948418,1274922951
Capibara que respira con luz y sonido - Sol,Marrón,SOL-CR-MARRON,,,NO,2847c6afb1ca2e9661dc8482c0eeb0cc,c0b8520d5f4fb0d62b27dbb9087e66fd,270959780,1274926225
Capibara que respira con luz y sonido - Sol,Rosa,SOL-CR-ROSA,,,NO,2847c6afb1ca2e9661dc8482c0eeb0cc,252441583255c8d4f05c5ae83aad5b31,270959780,1274926228
Carameleras Halloween - Lau,,DN-CARA,,,NO,87d0afc8ba8dd05e97cbfbfee7926211,4717a36395b22a5a93573f73c8554051,139373851,540321322
Carpa animales - Tio vivo,,TIO-CAN,,,NO,735997d0704b49aafdcf8a3746e9d6ce,9c51f0c4531184b63c8f818680357166,311013388,1380129949
Carpa corazones y estrellas celeste - Tio vivo,,TIO-CC,,,NO,970372bb505a19b0beaf81e5d961ebe2,7a7be28f0241fb4381f98ce53f9e6783,273241252,1220434448
Carpa corazones y estrellas rosa - Tio vivo,,TIO-CR,,,NO,a8695ad4a6b28f5a2071b74cbabdbdbb,1eb68c7f959dc55da4199263030634b1,273430439,1221304301
Carpa dinosaurios - Tio vivo,,TIO-CD,,,NO,ce7e5fdf7ee6e4b8a611cce2b49242d7,39264ce9cc121468ceaae8706a59f7a1,273237328,1220416788
Carpa estrellas gris - Tio vivo,,TIO-CES,,,NO,9387cad0e2e3f6211eb26dcdc07b8971,a96af628acf844dab5d45808d94aec4f,311013210,1380129450
Carpa tipi Alegria - Blink,,BL-CT,,,NO,aca45984170983a41d0d9268e3a05748,f94e68da738866ad0e80a076d1c8c7c7,221544444,974673595
Carpa tipi color terra - TMP,,TMP-CT,,,NO,cb462009b4b41970da78017adac608fd,d267f4a7aa833acf8c217d3ecc543c28,127535980,497930097
Carrito con 6 cubos - Comarca,,CO-CC,,,NO,06e482b1d955a5d540d96e71f5efce4d,12bcff9830114b32afc2c06b2c5e0c27,102936642,394823579
Carrito de compras - RA,,RA-CC,,,NO,b9a7c25e3d1d104f15236b7c0a289625,54bc6a46cfe7d4826b3c008953a53c72,126343188,493012141
Carrito de empuje - Maca,Celeste,MACA-CE-CELEST,,,NO,7343dcc532217662e33bec613302ee2b,e29b820f80a0c92edf39f4055ad86250,225295586,992737819
Carrito de empuje - Maca,Rosa,MACA-CE-ROSA,,,NO,7343dcc532217662e33bec613302ee2b,518e25253d953f77de201359fe3211c6,225295586,992737822
Carro arrastre rojo - Funny land,,CRE-CR,,,NO,aecd96a4203ee4c1621271a34cb8d274,5b45536c1f8d23168b25ea9d80ba31f9,284558137,1274160360
Carro con bloques - Maca,Celeste,MACA-CB-CELEST,,,NO,632eb9c45f0d30384ffaf9e836b9aebf,811ecf38d4db81249baa9c68ada3711f,225364494,993002968
Carro con bloques - Maca,Rosa,MACA-CB-ROSA,,,NO,632eb9c45f0d30384ffaf9e836b9aebf,ddb2988bd500e70902e17016f1644382,225364494,993002970
Carro de arrastre - RA,Blanco,RA-CA-BLANCO,,,NO,036cfb54696b51c7c8b9e5bbb2527efe,fd63e1bce05c342be3da42d7d39e0fc6,146175886,562148226
Carro de arrastre - RA,Rosa,RA-CA-ROSA,,,NO,036cfb54696b51c7c8b9e5bbb2527efe,83e18d029186db75a7ef3d47b1833d18,146175886,562148227
Cars autos x6 a friccion - Sol,,SOL-CARS6,,sol-cars6,NO,41ac2200108e9597f8f66eb53751241f,b2b97b189c45a82bfc8c697e91aa0c0d,276349023,1234945737
Cartas castellano o ingles - Little angel,,CAR-LA,,,NO,262af00b0fcd516285a76f206e8210f4,eefa9336b6f4a38e31f98e89af949844,235147844,1498214296
Cartas del mundial 2026 doradas - Sol,,SOL-CMD,,,NO,f9435b6af626bbf8afb8ed06787e342d,c597ad5e7bda7e7014eab9864d29b8a3,332385864,1478857011
Cartas del mundial 2026 plateadas x 55 - Sol,,SOL-CMP,,,NO,52c49551128a1f1bc9781ddc24ca7b39,98f529dc237ac25f5d912d857166a81a,332387132,1478861486
Cartas del mundial 2026 sobre x 10 - Sol,,SOL-CMS,,,NO,e75b5be1d33d6275e8efaec37d559761,e9c0bae4055843591966e3ea3a0ebf1b,332387713,1478863067
Cartera de kuromi- chin,,CH-KC,,,NO,82e8b9e5c16eade663cc89db7fc522d9,93c403e8065640cb6f22fb8a1fdeb8a2,223411589,983371034
Cartera de My Melody - chin,,CH-MMC,,,NO,519c413234e865a0d68f97fd220dad26,8521844a831840e61566cb16005067d0,232134963,1020955547
Cartera pop it personajes - Chin,,CH-CP,,,NO,cff7c1cc16a5c8faad4467cc0ada43fb,46b767cae72b3c864d0fbd3c75e93425,217876434,953599249
Cartuchera 1 piso Good Vibes - Footy,Negro,7792621137199-NEGRO,,,NO,eff4f8d08ebb656fecd0c0e39200fe3e,d99b1a763550a07a4ad6f3e2604f13ee,200294423,823042047
Cartuchera 1 piso Good Vibes - Footy,Plata,7792621137199-PLATA,,,NO,eff4f8d08ebb656fecd0c0e39200fe3e,e8d99d634780e0c0696d415f6cbaa485,200294423,823042049
Cartuchera 2 pisos stream on 3D - Footy,Negro,7792621128807-NEGRO,,,NO,d8dc0bccff84d2add5a9e0882d55b62e,c071f7de2bd4896ea77c4a1d5eca4b50,149805162,572480406
Cartuchera 2 pisos stream on 3D - Footy,Rojo,7792621128807-ROJO,,,NO,d8dc0bccff84d2add5a9e0882d55b62e,c95ac8d55a60f8008350405587a1bead,149805162,572480407
Cartuchera Animals Mono 2 Cierres 3D - Zoo Bags,,ZB-CM,,,NO,f280fe84a7e7db89c17ca6c1333173f3,16a36da23493fb63f825257109ce4d5c,73711493,276917788
Cartuchera Animals Vaca 2 Cierres 3D - Zoo Bags,,ZB-CV,,,NO,c01b10502cbe20cec08925062e3dfefe,d440cb9ec6716bcc219eadbdc2fc4565,73711678,276918565
Cartuchera con luz botines - Footy,Rojo,7792621081744-ROJO,,,NO,6ab0721000f30d462dcc4ab008db68bd,965c2a846fb0b09b7ed1fcb2bd8773ef,109038953,417430425
Cartuchera con luz botines - Footy,Negro,7792621081744-NEGRO,,,NO,6ab0721000f30d462dcc4ab008db68bd,977208f776bff8bdc652a39adf5f6165,109038953,417430427
Cartuchera cool friends 1 piso - Footy,Rosa,7792621129163-ROSA,,,NO,9ccb95d6b31d1f36b6cd07c531bf9c72,9c0c2b91db6e9cf2d528a1ec848c3da1,145109537,559497042
Cartuchera cool friends 1 piso - Footy,Fucsia,7792621129163-FUCSIA,,,NO,9ccb95d6b31d1f36b6cd07c531bf9c72,e5df60a4005ccb7a042c64c960e68516,145109537,559497044
Cartuchera cool friends 2 nenas- Footy,Rosa,7792621129187-ROSA,,,NO,c581a06bba0020c48946ef5892bac6f9,5c3d941b67c8b220fe9ed8c14bbf8fdf,145107207,559493841
Cartuchera cool friends 2 nenas- Footy,Fucsia,7792621129187-FUCSIA,,,NO,c581a06bba0020c48946ef5892bac6f9,6edae7233ac02a0fb9300ae83f065ffd,145107207,559493842
Cartuchera cool friends 2 pisos - Footy,Rosa,7792621128968-ROSA,,,NO,6ac624194f03fcae979c66d0c189afae,c4f4dca745caa934d992b7d5d9f96e5c,152821733,579136996
Cartuchera de un piso Kuromi - Chin,,CH-CTK,,,NO,482c3ffd9d84aba3c392f08e49d7cdab,a9c7b2ed171894af52291c280cfd4723,249588702,1099951520
Cartuchera Foil - Chimola,Lila,7798218140924-LILA,,,NO,8b631c674a499436f374f2dc4c7e49bf,7b6c8dc768df8aefcf1ae4f908146435,253978513,1121622612
Cartuchera futbol 3D 2 cierres - Footy,Azul,7792621129224-AZUL,,,NO,e9c435dc9b6bb4397957fa463d60207b,5959cb363bd3f8c0b003a0d2e55e882b,149656604,572315909
Cartuchera futbol 3D 2 cierres - Footy,Negro,7792621129224-NEGRO,,,NO,e9c435dc9b6bb4397957fa463d60207b,5b21050de78c1b56381538d51bd97769,149656604,572315908
Cartuchera futbol 3D 2 pisos - Footy,Negro,7792621129200-NEGRO,,,NO,a281d7111033f1f9219e69dab7b8f5df,7af9f88b4b2d2b8274c8a49df9b0c5bd,145115057,559511231
Cartuchera futbol 3D 2 pisos - Footy,Azul,7792621129200-AZUL,,,NO,a281d7111033f1f9219e69dab7b8f5df,c60afae3d4f32749b45ca6490aaad14f,145115057,559511232
Cartuchera joystick 2 cierres - Footy,Negro,7792621091545-NEGRO,,,NO,ec467c7575ae48f14e03da9041d708f5,c04f96cb4098839db7fb79ab750d74e7,108656693,415932680
Cartuchera joystick 2 cierres - Footy,Azul,7792621091545-AZUL,,,NO,ec467c7575ae48f14e03da9041d708f5,a93bf938ce0eff5bf8e64ed3f33d8b10,108656693,415932681
Cartuchera play basket 2 cierres - Footy,Azul,7792621129309-AZUL,,,NO,6a0d59dc9ca04d91c5822f131e9b90b8,c8bf9c2c55cc939d8e1b5c6f693be697,145118772,559522632
Cartuchera play basket 2 cierres - Footy,Naranja,7792621129309-NARANJ,,,NO,6a0d59dc9ca04d91c5822f131e9b90b8,ae11d6d1c03edc81f614a4b4bf96810f,145118772,559522633
Cartuchera play basket 2 pisos - Footy,Azul,7792621129286-AZUL,,,NO,7500138c7cdb3b4b0664b9499f385984,87a9d1f554f4654d97ce0c0c3a243603,149811568,572491733
Cartuchera play futbol 2 cierres - Footy,Azul,7792621129262-AZUL,,,NO,2a5964ed951164f14a074aac0b3ba334,e57e98cd57c0183e281fa599a611cbc0,145115885,559518224
Cartuchera play futbol 2 cierres - Footy,Negro,7792621129262-NEGRO,,,NO,2a5964ed951164f14a074aac0b3ba334,446da1946d9940cb4c50f3dbcb9e6f8b,145115885,559518223
Cartuchera pop it 1 piso - Footy,Rosa,7792621129361-ROSA,,,NO,2d7fa59afede6e6a6bcb8bd65c464104,4836747826a33198f6d5420e17c4066a,149807530,572485295
Cartuchera pop it 1 piso - Footy,Violeta,7792621129361-VIOLET,,,NO,2d7fa59afede6e6a6bcb8bd65c464104,3ede120a5142fecd145ede8cc08d9b91,149807530,572485296
Cartuchera pop it 2 cierres - Footy,Rosa,7792621129385-ROSA,,,NO,e563816cb0fa688e0af34e6f0283f1d9,de0c53e71d810ebde93abb277b713b61,145110822,559499572
Cartuchera pop it 2 cierres - Footy,Violeta,7792621129385-VIOLET,,,NO,e563816cb0fa688e0af34e6f0283f1d9,e37531028d23d2654faeeccd8cdeabeb,145110822,559499574
Cartuchera unicornio 1 piso - Footy,Negro,7792621129125-NEGRO,,,NO,29fd4376cb99980f4266cf3693f57b89,02a72d939f4da38052e41ffd21de0402,145114607,559509343
Cartuchera unicornio 1 piso - Footy,Rosa,7792621129125-ROSA,,,NO,29fd4376cb99980f4266cf3693f57b89,f939aacbfe44e913ade8f42c755336dc,145114607,559509344
Cartuchera Unicornio con Luz Led - Footy,Fucsia,7792621081560-FUCSIA,,,NO,52bb58896781b702c9fc212b376e2c9a,66a1f84fdf82742bbd064f5dabf72768,73796163,277378084
Cartuchera Unicornio con Luz Led - Footy,Rosa,7792621081560-ROSA,,,NO,52bb58896781b702c9fc212b376e2c9a,1b1ed8f5799f08d6832abd20a83b561d,73796163,277378085
Casa clasica - Kilig,,KIL-CC,,,NO,865410044a98dec4e0024a7a9b4ac1ac,e67619bbc7a3c7b8bb97dd64d070331a,177677809,682366989
Casa Raton Perez - Kilig,,KIL-CR,,,NO,47ce8726e96d3b94d3963c00fc444967,4630901347e09086c4cefae66931fed3,177682498,682390074
Casa valija - Kilig,,KIL-CV,,,NO,553f2c19d1d4e6e188d8045f4eb5795f,6dfcf068c9d9b70c02e57516cb040e20,177678850,682372404
Cascabelero cromo - Minimento,,MM-CAS,,,NO,3387b6c2053c860426ce7ec1f7941ddf,2f80ce1bdac3e2c49f324641019890fa,142939653,553376188
Cascabelero de ositos - Bambu,,BAM-OSO,,,NO,3b2e392f2b4f27dff0391c10520da11e,5cbfdf49ea8588a9706dc329611722b6,55745964,153673895
Cascabelero grande - Bambu,,BAM-CASG,,,NO,a0e984f055794693c890dc73e0a95fb6,1cb9560cdbd78044fbd092a29319489c,55745454,153671458
Cascabelero pequeño - Bambu,,BAM-CASC,,,NO,c8c2d3b5e5931fe9311ecb163283329a,e22c04870e9c92217aaf288f31d146fd,55745728,153672653
Cascabelero sona - Bambu,,BAM-SO,,,NO,d23ce738eef9d5556d78d0b8e46914d3,7d259f8c2956a4cf3610bd03f506d211,55745217,153670245
Castañuelas cromo - Minimento,,MM-CT,,,NO,016943210d11039d943a53db4b06627c,129d487d8b1cc1ef1c632ed9755e921f,142961864,553435763
Castillo de números con accesorio - Luna li,,LUL-CN,,,NO,4a12de5b091d5265e90601bee3b88869,91996fe15a981990737d44f7383ec0ac,329885256,1467981493
Cepillo de dientes 3 caras - PSF,,PSF-CEPI,,,NO,06cd4daffe0c7c97dff6c3e6f5cfb6bd,201e74c38f931d6052e118028c57d179,237541392,1042196892
Check list - Luna li,,LUL-CL,,,NO,176b95ea6bd24236f2230f8be2d63b9d,c955b79c00e2fbb2f8ba2923f3b5bb98,329901411,1468046064
Cholita 30 CM - Pitucas,,PIT-CHO,,,NO,2f5a49ceb05140dc007c224c1cd3057e,783a75bda0bdcb6cdd7673686ca31abb,239844979,1053030422
Chucky Halloween - Lau,1 (3 a 4 años),DN-CHU-13A4ANOS,,,NO,b0c8de0fe35589058090b8baf7a9dde3,740052f02320956c13775f17333714cd,139817595,1331806277
Chucky Halloween - Lau,2 (5 a 6 años),DN-CHU-25A6ANOS,,,NO,b0c8de0fe35589058090b8baf7a9dde3,69c700284fc371fa6aef3eb3353d5c47,139817595,1331806293
Chucky Halloween - Lau,3 (7 a 8 años),DN-CHU-37A8ANOS,,,NO,b0c8de0fe35589058090b8baf7a9dde3,b7bd8fbeae5e3b14e92cd4c67d8d068d,139817595,1331806302
Chucky Halloween - Lau,4 (9 a 10 años),DN-CHU-49A10ANO,,,NO,b0c8de0fe35589058090b8baf7a9dde3,a99543a3c7a0504b898fda6dc9937371,139817595,1331806312
Chupete alimentador de frutas/verduras - Ing,,ING-CA,,,NO,945cc2ed25582505b5ed4c0132c44d69,e653a99fa6944c80d9240b72e97d3929,275708881,1232132649
Cinturon con dos pokebolas - Pokemon,Charman,889933952835-CHARMA,,,NO,9e8bfc0b625d3fb7253e4a8b7cd75825,a087ee0cfac722050148e707000f2c85,128887087,504234925
Cinturon con dos pokebolas - Pokemon,Squirtle,889933952835-SQUIRT,,,NO,9e8bfc0b625d3fb7253e4a8b7cd75825,f60930d34b20995ccf9f4af4410713f9,128887087,504234927
Claves cromo - minimento,,MM-CLA,,,NO,77bd968bfd007d1d6ad1167b95ac34dc,cd61a7f93dec62ea060d05703044b4b0,142938383,553371390
Cochecito de madera - Maca,,MACA-CO,,,NO,9d2c390f8c2f2fc49d600f24ba70ca6e,9b22ee04644a8b7865c46bd36ed4f5bc,225294956,992735698
cochesito para bebes - RA,Blanco,RA-CB-BLANCO,,,NO,5f123482e8132f4fc874804c8e90d6af,656c0fd960fd21a0322871f2b75cd493,126343331,562151043
cochesito para bebes - RA,Rosa,RA-CB-ROSA,,,NO,5f123482e8132f4fc874804c8e90d6af,43555ed7d19d71b916a4bf5b10250f5f,126343331,562151044
Cocina doble - El taller,,TR-CD,,,NO,f4003b2021f623906f3d60d45ead9eef,fb16648d516d869864ada5656bfa00d1,213246414,933827504
Cocina Ikea - RA,,RA-CI,,,NO,5bea7a35a0eb249725f8eafceefbe309,3aac78cc75265e8cf2a15dbf831aae01,126343124,612878411
Cocina simple - El taller,,TR-CS,,,NO,e4bcb5d129c91ce30144ceafa10ee145,f572776de21a74d369c67701cca977b2,213246844,933831892
Cola de sirena - Chicos perinola,,CP-SIRE,,,NO,5a5bc51d5065fd37312a10c7d2df1086,4938e807bc1e69158d5536620f198d4c,176671195,677446564
Colchonetas frutas - Bestway,Verde,6942138967746-VERDE,,,NO,1842d54073d1976c911cf17b62fd550d,46ec44d6777ac71a9ed2fd2f268f333e,105747618,404097394
Colchonetas frutas - Bestway,Rojo,6942138967746-ROJO,,,NO,1842d54073d1976c911cf17b62fd550d,e337e0a9d05f8c68fba3c3a44676987b,105747618,404097397
Colchonetas frutas - Bestway,Amarillo,6942138967746-AMARIL,,,NO,1842d54073d1976c911cf17b62fd550d,4ed67a2a9a18389d4386984b3aa3dde4,105747618,404097398
Colgante oruguita constraste - Ing,,ING-CG,,,NO,cc847359e64635988386f6246181f357,bd9ad294b4fa0f6b37b2a0fdfd66300c,275498304,1231178102
Colla 30 CM - Pitucas,,PIT-CO,,,NO,a676acad91c3fea3ccc1ede224910bb9,11965d9c9f614b16c57afba7796e9916,239846246,1053032931
Collar masticable - PSF,,PSF-CM,,,NO,3cca10f547c61d0df5a41e65756c22e9,fffab154f984454e938a616811874147,237537821,1042175760
Collar mordillo cactus - AD,,AD-CMC,,,NO,8b75bdbb2fb2e7a01106b958800530b7,9086d03637188281fc4f8e63b5e47e17,208014123,868833252
Collar mordillo Cactus - TM,,TM-CAC,,,NO,c23c0d790845fdcf33b12a5006033359,e77a419b448a0371e98d567933fa3a85,270135597,1203294398
Collar mordillo circular - BS,,BS-CMCI,,BS-CMCI,NO,prod_muodhjqtgtmms4,var_muodhjqtuppd0f,370972554,1608941252
Collar mordillo cookie - TM,,TM-COK,,tm-cok,NO,70f05e82727eabecc1d680aecbe5d044,733af010c979e574f07349c67b98bdee,270116620,1203134383
Collar mordillo cookie celeste - AD,,AD-CMCC,,,NO,6dca3e41f8992dfb657cb040ee3c8f4c,bf9386e26a05c481db0f1d00525ac5a7,208027085,868892944
Collar mordillo cookie negro - AD,,AD-CMCN,,,NO,07e91726f216b1193aff6652809df222,10a5fe57a23cf08a812a3496fceb2eef,208032036,868907438
Collar mordillo cookie rosa - AD,,AD-CMCR,,,NO,5ec9f3bf4ffa90730640adf26b75191c,b8672459e7e31f2e788c1d6d9adfcb10,208028267,868895752
Collar mordillo destornillador verde - AD,,AD-CMDV,,,NO,f9b5bd7b4d962a13d27baa38b9df15c3,430f0386050f0c4b19d241117a3c22e0,208052977,868964298
Collar mordillo diamante rojo - AD,,AD-CMDR,,,NO,427760f86c6cc7aa38a5aa0c821b0fa3,e314927b90df871af42c3cb6d03d7c91,119963134,465493050
Collar mordillo diamante rosa - AD,,AD-CMD,,,NO,1179dbf7fc0cb9d8675a5c349fb99f2a,201477e0240caea008ccd8583f5e33ed,166584435,629564710
Collar mordillo diente tiburon - AD,,AD-CMT,,,NO,9d9af0bdacaac6e3e2876a0b2df90bbc,b423440fe01297971ce00666c3f5d831,166588061,629571061
Collar mordillo diente tiburon - TM,,TM-DI,,,NO,68cf1fa5037750d7deb0c900198b30e2,a4a28572fb307237f784f112682ccca5,328587495,1461670029
Collar mordillo dinos - BS,,BS-CMD,,BS-CMD,NO,prod_muodgcw1wto29h,var_muodgcw1ozilti,370972169,1608939694
Collar mordillo dona - TM,,TM-DO,,,NO,dc0e308f680d70a748a17bc112b1fa4b,2efb2c125a891da60d370ff57e6f1a2a,328600666,1461759417
Collar mordillo dona roja - AD,,AD-CMDO,,,NO,70a8f0d89c60840e7bc32c9f271837b5,e586d6ab3da49afe35596ec0d6c9df3b,208149824,869289998
Collar mordillo estrella - AD,,AD-CME,,,NO,c9271633ca7cdf1dc4b0d0a41816c7ff,a0a047cd39a4708dbac007b84bb73687,208048305,868947724
Collar mordillo estrella - PSF,,PSF-CME,,,NO,fc3590b49b90bba0a3f0b166248a5a16,fe73031a16819d5552644cadcd269824,237536165,1042168457
Collar mordillo Estrella - TM,,TM-ES,,,NO,3f5a1ccbfce6730f3b7c4a7f245aed4d,01129a81dbd08a21af67b05af8900c72,270132570,1203260080
Collar mordillo Helado - TM,,TM-HE,,TM-HE,NO,c3f66c11b7dab1f2db7fe64665a554ed,533b47866cb594d5df82d7bf3e706279,270125194,1203185187
Collar mordillo ladrillo - PSF,,PSF-CML,,,NO,79a7c665baec4ea483cdfee130a8bb64,54271e19863478471bf4d0a2b682ce5a,237534500,1042158679
Collar mordillo Ladrillo - TM,,TM-LA,,,NO,b1653d16519881bd8b60b734164ec086,cc20819f1242a3d85a242f0b1a587373,270131306,1203244845
Collar mordillo ladrillo colorido - BS,,BS-CMLC,,BS-CMLC,NO,prod_muodc67nwff0iv,var_muodc67njdg456,370970866,1608936331
Collar mordillo ladrillo largo - BS,,BS-CMLL,,SKU-567754,NO,prod_muoegthmzcsddf,var_muoegthmpvebih,370984119,1608976560
Collar mordillo Ladrillo multicolor - TM,,TM-LAM,,,NO,c2b6b22df7d7e467c93d90f7a2042cd8,ea742c78c4166cde982b1dfb617bec40,328592031,1461705046
Collar mordillo man rojo - AD,,AD-CMM,,,NO,20d0b46ad3258d30223ffc1e18a2802e,c7bd881dfcbad10b37dfb83189677f61,208054062,868968133
Collar mordillo pop it celeste - AD,,AD-CMPC,,,NO,b77890f5e0e8d30dd83a7d2c2a2999c6,3f9e42063b5a5825fccb0bab6bd1f1b5,208158105,869323818
Collar mordillo pop it rosa - AD,,AD-CMPR,,,NO,e2dc20e8f6462ea2e87637133191571c,eab62e0840921bc87594e836bd41122b,208158389,869324572
Collar mordillo roblox- BS,,BS-CMR,,BS-CMR,NO,prod_muodegy27a3p7p,var_muodegy2r5vc0z,370971535,1608938026
Collar mordillo robot celeste - AD,,AD-CMRC,,,NO,f3d1c68bb0df7d9ecc991ccd33105a63,5326e229ee8228cfaccc6796128eb50a,208049495,868952683
Collar mordillo robot rojo - AD,,AD-CMRR,,,NO,f2ed6a1a56fb03940c30a372e9733605,4c812307ccb4a19498b289c56121261a,208052243,868961844
Collar mordillo star - AD,,AD-CMS,,,NO,b87362ab6f964c74cd4d6408c7591592,d6662ff284d3a3ba11ee1ccd73dc723f,166585117,629567431
Collar mordillo tubo lunares - BS,,BS-CMTL,,BS-CMTL,NO,prod_muodfl9j3k8oa3,var_muodfl9j4h2eim,370971883,1608938908
Compas adaptado - Luna li,,LUL-CA,,,NO,86889e4305c6637a3dad499741b13432,9f4bea177ece55ecaa5c151f057ea511,329834801,1467696196
Comunicador me expreso - Kupu,,KUPU-CME,,,NO,d072fd8178bdffebd33b2ddcd872eba2,021d780786f4c8bda9783b432980bf29,242959318,1498203129
Comunicador terapias - Kupu,,KUPU-CT,,,NO,7faddb8003ce12e0a99c2f7a28a5629a,55da5ee57a8eecdaf1e8fc0555924322,242959270,1498198767
Condesa Hallooween - Lau,0 (1 a 2 años),DN-CON-01A2ANOS,,,NO,b442da7f76ed6c2684fab6b78db61996,1a30315a53516cba96e172d79b01f0f9,139817203,1331704708
Condesa Hallooween - Lau,1 (3 a 4 años),DN-CON-13A4ANOS,,,NO,b442da7f76ed6c2684fab6b78db61996,712ebca1c1b6f995a6fa39f1bded25ea,139817203,1331808086
Condesa Hallooween - Lau,2 (5 a 6 años),DN-CON-25A6ANOS,,,NO,b442da7f76ed6c2684fab6b78db61996,719838499299673d83f5cc6cd0d9b899,139817203,1331808098
Condesa Hallooween - Lau,3 (7 a 8 años),DN-CON-37A8ANOS,,,NO,b442da7f76ed6c2684fab6b78db61996,d39f8d2023e5dda772aa98dba8012889,139817203,1331808110
Condesa Hallooween - Lau,4 (9 a 10 años),DN-CON-49A10ANO,,,NO,b442da7f76ed6c2684fab6b78db61996,a4cae320b963477829c87d47afa32a50,139817203,1331808123
Coneja 37 CM - Pitucas,,PIT-CN,,,NO,a5a07294d6cac40abb23e359cc153cd0,372128c048189fe4afa07b43b52f23e0,239827921,1052941981
Conejo con huellas - Woody toys,Marrón,818980018027-MARRON,,,NO,d1fd26f6aa15e0613a84105b29670a3e,a0d463ba7aca8176eac155fdb8e1059e,116081427,446732004
Conejo con huellas - Woody toys,Rosa,818980018027-ROSA,,,NO,d1fd26f6aa15e0613a84105b29670a3e,322ccef97ca180ef6428a0c7eace3118,116081427,446732006
Conejo con moño 38 cm - Woody toys,Rosa,818980018621-ROSA,,,NO,76ca1b34a6a942cfa236fe6f6f62cf8e,53f85b86798d84557ba83c8786ac6d3f,116084900,446747891
Construir y decorar auto - Colorearte,,c-cd,,,NO,edfb044f445d8c78d97975d9eeb0f833,0a268622246d6906ab92bdbe29006b40,69345050,249994019
Contenedores de animales grande - LM,Oso peludito,LM-CA-OSOPEL,,,NO,802f080c16bad40af44bd5111650ef90,3e151dff898ecb9ffc4a4b842c9b0f1c,130949130,513044534
Contenedores de animales grande - LM,Zorro,LM-CA-ZORRO,,,NO,802f080c16bad40af44bd5111650ef90,6ea40ab569a109bba17231a7cec82351,130949130,513044532
Crayon liquido - Arrugadedos,,ARRU-CL,,,NO,77883598bdddd746129375912e84191a,174aa6a9819a7b0bab92309ed7f7ae5d,55447376,152338347
Crayones x 13 - Colorearte,,C-CRA13,,,NO,72970d91ae42c35dec9529cd5961b095,765dc149a2749476d30d8ae23909ec90,49489778,132844509
Crayones x 8 - Colorearte,,C-CRA8,,,NO,bb27b7d11ae86013dabe0b271f9ae4b9,6a6ea3bf1619bdce8c3a06db67fa7978,49490151,132845099
Crea tu hadita - Fam,,TF-HADA,,,NO,06f964f04ca486d996e9fa8acdc988e4,8aae28d0bd02f025bb117692714fdeef,221522753,974607881
Crea tu super heroe - Fam,,TF-HEROE,,,NO,8668883e51ee76c00e1c3fc54b6dcb81,5706989283c49f1922665183d901ad36,221523855,974611710
Croquet N8 - Duendes,,DU-CRO,,,NO,09aa458b1f636ac024f7bd68a69982fc,a6b558847e176b7ca0bed7a2dad42c00,230543155,1015542330
Cry Babies Dressy - Wabro,Lady,8421134080997-LADY,,,NO,576d10836523136c878efe9a533cdd4a,7b859681ac1d95439bd5400ef9c187ec,120869127,469512798
Cry Babies Dressy - Wabro,Lala,8421134080997-LALA,,,NO,576d10836523136c878efe9a533cdd4a,77ec0d6fd523c75d304530f2a8f40272,120869127,469512802
Cry Babies Dressy - Wabro,Coney,8421134080997-CONEY,,,NO,576d10836523136c878efe9a533cdd4a,1ad4c6902e84285bfc0b1585943ff035,120869127,469512803
Cry Babies Dressy - Wabro,Fancy,8421134080997-FANCY,,,NO,576d10836523136c878efe9a533cdd4a,711e71af0c5213ab02cd5ca36fc3e221,120869127,469512805
Cry Babies Dressy - Wabro,Jenna,8421134080997-JENNA,,,NO,576d10836523136c878efe9a533cdd4a,210bcb52ad6a9890c1a364880cfdf1ff,120869127,783902648
Cry Babies Dressy - Wabro,Alice,8421134080997-ALICE,,,NO,576d10836523136c878efe9a533cdd4a,059d7956295143696129c6f14fdd59e5,120869127,783902650
Cubibell cromo - Minimento,,MM-CB,,,NO,e68e778be4f8dc64c4a36218b9e42d4c,9296d9b7f3c004f42203d4aa81ab1b42,142956319,553423824
Cubishake - Minimento,,MM-CS,,,NO,7d4908d0b2134f37a0f97ff311f32b2c,f7668edc2844afda7d06f334d66cc2cb,142956541,553424274
Cubito multiactividad gato - Lucerito,,LUCE-CG,,,NO,432534e4bdfebad78eb1c91dd6ea76bb,590d6fbf3af3156c1f6ff9f8f7af2a19,209426838,874650821
Cubito multiactividad jirafa - Lucerito,,LUCE-CJ,,,NO,e0f7fcac68fff68fedaa7d95a0109ee4,a99fdb08e55bf7cb8b6fa0a0471c6d5d,209428047,874654857
Cubito multiactividad panda - Lucerito,,LUCE-CP,,,NO,705c59b0ae9d5bfcbc671458ee918225,4eebae894d5d9e0d992f6203d85b7c1b,185264460,724371426
Cubito multiactividad vaca - Lucerito,,LUCE-CV,,,NO,ba6e01b54d96993d9dafdcaebb05ad77,b09ac0dc13a430f021d51ed5ff81e6ba,185264478,724371508
Cubito multiactividad zorro - Lucerito,,LUCE-CZ,,,NO,7aeedbb33106cb29d66fa012ccbd57b6,9b2cd6b34b7f8652d8cdcf394af617ce,209428405,874656231
Cubo actividad abejas - Classic world,Rosa,7792621134747-ROSA,,,NO,317b964949e605aeeb735550a742cc52,c5686cdcfc15f9230e1a8d789ef73e65,109047656,588003971
Cubo actividad abejas - Classic world,Violeta,7792621134747-VIOLET,,,NO,317b964949e605aeeb735550a742cc52,afe4e8b8d93a67d8eb7b34d35cff2ddb,109047656,588003972
Cubo actividad abejas - Classic world,Fucsia,7792621134747-FUCSIA,,,NO,317b964949e605aeeb735550a742cc52,e47dee57581fd56fab07ce80039f6076,109047656,588003974
Cubo anti stress - BS,,BS-CS,,SKU-828006,NO,prod_muoemeau3pmqi9,var_muoemeau4qco4n,370986838,1608983853
Cubo con correspondencia numeros - Aine,,AINE-CUCO,,,NO,e859929be6b9424092bc76c4333bd2d1,2b575ac160490856fa749349ae3952e6,98213407,375552202
Cubo guarda tuti Mar - Lucerito,,LUCE-CGT,,,NO,e2b90d68c790e1a79a146d796954d644,7619d8eb1a061549dc6994378c74e3a2,185265215,724374969
Cubo infinito - Luna li,,LUL-CI,,,NO,36af65d4922008ad2e5d92f6eb40ff28,a78d41ecea1fa491b6d83eaeeb6307ae,329877289,1467955835
Cubo infinito - Sol,,SOL-CI,,,NO,6c33fa822aed1be9b8182cac3fb67005,0a1cfffe6272d54e05071a7716865b93,332379493,1478834321
Cubo multiactividad 14x14 - Lucerito,,LUCE-CUBO,,,NO,dd6e194a17bb584c62421c998fd2d25b,4e8f912f12439f0dd0f85fe679f6f50c,105757019,404135891
Cubo multiactividad XL Osito - Lucerito,,LUCE-XLO,,,NO,37dbe26eed97002d56b36d79e561fd3f,dc2e6500d453a386ace388d52e7411d4,105756066,404131183
Cubo multiactividad XL Ovejita - Lucerito,,LUCE-XLOV,,,NO,992005bccb6eb305e5a4fd5b687216d3,db8610179918f996df605148b105a899,105756122,404131459
Cubo multiactividad XL perrito - Lucerito,,LUCE-XLP,,,NO,fa69f1fa7a9067025d3e28e96b8d92a4,aac68d9e469daf675ec193e8a1f6a1f1,105756003,404130947
Cubo sensorial - Lucerito,,LUCE-CS,,,NO,e96e91316474fc5d7259d0d78e312086,2ad6e5df838b8dee7705051104a91850,185262835,724343708
Cubo solido Squishy,,Ing-cs,,Ing-cs,NO,prod_mun6b1zyi791dr,var_mun6b1zzu8vp01,370794475,1608388778
Cubos Magneticos Minecraft 107 pcs - Sol,,SOL-CM107,,sol-cm107,NO,4659b6b2b6dd870ee588af88bf24c6e6,be33d25ef7cf4330a73f67979255a5ae,313483835,1388900249
Cubos Magneticos Minecraft 192 pcs - Sol,,SOL-CM192,,,NO,e81b50de5123a045f31ff735ea1b4939,df2732086c926575a451a983b6465257,313483007,1388897974
Cubos para explorar por 3 - Lucerito,,LUCE-CE,,,NO,27486cc484e8fa34299c2a633e97e667,082ab7f864af750e0054d97c134debc2,185262272,724339993
Cubotino ardilla - Amiti,,AMI-CA,,,NO,e06d183d2c9515467d7599440b024d0a,6b0ab8d50bea2e127a142df97dd2a891,127983184,500107647
Cubotino conejo - Amiti,,AMI-CCO,,,NO,2e5484b0dcd968ca1d30c541747cb8c7,92c47c1dcdeb651e1512f1021ea53ee3,127983053,500107176
Cubotino jirafa - Amiti,,AMI-CJ,,,NO,109cb619d9cc47b87c40225aa19d9347,24fbff62c5e9fde72fa4cb3803be05a7,127982882,500106488
Cubotino mapache - Amiti,,AMI-CMA,,,NO,be330e448533a46b96eb590ab317492b,8ce5325bf7ee4ef566493ff39ff44efd,127983367,500108196
Cubotino Principito - Amiti,,AMI-CP,,,NO,10a0ddbd801b9a5c42badd123d6da523,8933fc607ac916c4829f2fa3344cdfe3,176566028,675637964
Cubotino unicornio - Amiti,,AMI-CU,,,NO,5e51cd011d3932aec67031bc47541131,bc224c3ef4ece734e1806f8fca43e787,127982643,500105851
Cubotino vaca - Amiti,,AMI-CV,,,NO,4a59eb200111f7131032315e7cb32eac,6f4b091d7b9b724338d2795be76c8aef,127982518,500105335
Cubotino zorro - Amiti,,AMI-CZ,,,NO,84656b37fdb190df3fe6e698c66131a7,9312d9c808103c8a74995444343634ca,127983440,500108398
Cuna de madera - Maca,,MACA-CU,,,NO,ed5df8494fc29f1d7ba4b4f835524542,dbcb5b2b9614aa2b8c4993fcf9718a99,225296713,992741866
Cuna para bebote - Jesus,,JE-CU,,,NO,ad5286d0aa47f56bd52fe0e7ed505c2b,e1334c82de054b7a9cfd491c74c383fb,179537810,692023054
Cunero buho - Phi phi,Gris,7799035013422-GRIS,,,NO,56f5640e752f57be7d33eb7d6eb5bdbb,70db637f09edff29228277a5454e29b5,115931529,445747308
Cunero buho - Phi phi,Rosa,7799035013422-ROSA,,,NO,56f5640e752f57be7d33eb7d6eb5bdbb,133978a242b942f6ff6333640ca27173,115931529,445747309
Cunero estrella es un o una - Ami toys,Rosa,,,,NO,ff3d4dfa5f37551ab96bcbf99a788689,5e67e5cb93ea9fcf1e38bb5bf7f138d6,369967094,1606032963
Cunero estrella es un o una - Ami toys,Celeste,,,,NO,ff3d4dfa5f37551ab96bcbf99a788689,6266c94704e68e32fed4f48e51d57835,369967094,1606032965
Cunero Hipopotamo con espejo - Phi Phi,Rosa,7798194987872-ROSA,,,NO,2e471714cb804d7a8cd1bb77da8b0918,1b1d70031c11b084d3abd27552f90f39,171173972,649595218
Cunero Hipopotamo con espejo - Phi Phi,Celeste,7798194987872-CELEST,,,NO,2e471714cb804d7a8cd1bb77da8b0918,306c322c730f27f2f49ca095ecc376a9,171173972,649595220
Cunero luna con oso - Cutie buddies,Rosa,815787026606-ROSA,,,NO,7d48145b39a605b7b40c713127b6f426,0824b1901f3062e8dc5d0a88eb6ff147,105807916,404271417
Cunero luna con oso - Cutie buddies,Celeste,815787026606-CELEST,,,NO,7d48145b39a605b7b40c713127b6f426,9de18bc0bd7c1fa402ee8a6ba57e7dac,105807916,404271418
Cunero luna y animal nordico - Phi Phi,Celeste,7799035063038-CELEST,,,NO,e57e4bc10d1565e3d3aab811b90cdecb,e00dc786677389280151338592f49e3c,332336203,1478697233
Cunero luna y animal nordico - Phi Phi,Rosa,7799035063038-ROSA,,,NO,e57e4bc10d1565e3d3aab811b90cdecb,7ee474ca6c31f2f9e9de2c1819221eb2,332336203,1478697243
Cunero oso abrazando la luna - Phi Phi,Celeste,7798194985915-CELEST,,,NO,932c8f9cec8a02fcf2ae92264aaff37f,b9768e04ebf3e8b1ea3737997e3a87c0,171175296,649597636
Cunero oso abrazando la luna - Phi Phi,Rosa,7798194985915-ROSA,,,NO,932c8f9cec8a02fcf2ae92264aaff37f,0e5c34bb2482f8f2a650c541d90740c7,171175296,649597632
Cunero oso en la nube - Cutie buddies,Celeste,815787024480-CELEST,,,NO,e7b11335ed141eafc8c57047e8c21d6d,eb34c12cbf2e30d7a35065a9e7789a1f,50027457,319263521
Cunero oso en la nube - Cutie buddies,Rosa,815787024480-ROSA,,,NO,e7b11335ed141eafc8c57047e8c21d6d,5bbd8298d2a7b36cc6957f57683d6a6b,50027457,319263522
Cunero oso sobre luna - Cutie buddies,Celeste,815787025678-CELEST,,,NO,617a7720511c8aa717bb77fb3dae510e,f4e42569f32d73bc7e180a6cea4c1a9f,136532105,532088329
Cunero oso sobre luna - Cutie buddies,Rosa,815787025678-ROSA,,,NO,617a7720511c8aa717bb77fb3dae510e,b271cde42f1de5baa52442d7b4ca1b62,136532105,532088326
Cunero oso y lunita - Phi Phi,Rosa,7798194985908-ROSA,,,NO,12f087b4db830cbd3213d336d8440d18,436fa4203659100e5625bec99a3bcece,171174796,649595463
Cunero oso y lunita - Phi Phi,Celeste,7798194985908-CELEST,,,NO,12f087b4db830cbd3213d336d8440d18,88c5adcf648bf568d6c98b950ae2084a,171174796,649595466
Cunero osos luna zzz - Woody toys,Celeste,619470683097-CELEST,,,NO,be8827d10f4a3854a913d200895aad4f,19d9e18aa32591afdbf80a556f610506,311157421,1380676779
Cunero pajarito crunch - Cutie buddies,Rosa,815787023667-ROSA,,,NO,ad9bf921b41b9e504c179c8a31555153,dfe7720afb7e9541ebd2bd94ca4672b2,115945634,445826723
Cunero pajarito crunch - Cutie buddies,Celeste,815787023667-CELEST,,,NO,ad9bf921b41b9e504c179c8a31555153,27b366c2a12028796ed43efd972d549a,115945634,445826724
Cunero pera o frutilla - Phi Phi,Pera,7799035016782-PERA,,,NO,3701ac22bc1eff91a6740bae957b5e10,fa43a3cb199d54128d06e494c0149654,171173742,649591436
Cunero pera o frutilla - Phi Phi,Frutilla,7799035016782-FRUTIL,,,NO,3701ac22bc1eff91a6740bae957b5e10,3a7a2582538fc919689fbd1e1be6dee2,171173742,649591438
Cunero unicornio - Cutie buddies,Rosa,815787025708-ROSA,,,NO,569c70b20b5e09c45a37f8af3211bc4a,6e4c32f5a9eca99259ff3f838bba74e9,115938373,445786745
Cunero unicornio - Cutie buddies,Fucsia,815787025708-FUCSIA,,,NO,569c70b20b5e09c45a37f8af3211bc4a,e5153ac50fbf882494076a17e8b9ee2e,115938373,445786748
Cunita para bebe - Nuyi,Gris vison,NUYI-CB-GRISVI,,,NO,b741259a3867fd3c2304b06ef2b6f62d,3c3bd047ebe74e515d655e9f91839c8b,193472257,779528503
Cunita para bebe - Nuyi,Rojo payaso,NUYI-CB-ROJOPA,,,NO,b741259a3867fd3c2304b06ef2b6f62d,fd0a76d7f0790980a5dd37cbdd244eb3,193472257,779528507
Cupcakes por 5 en tela - Casimira,,CAS-CUP,,,NO,4173b3c4f90429148290224b7748c470,7654713848cab7de9dc93f0a4170e35c,223979768,986123575
Dables Argento,,DAB-ARG,,,NO,104665097fa23f07e724647eb2d01aa0,3c212e8f6c184d231fa20ca2c5e60a91,332427372,1485072748
Dables Campeon mundial,,DAB-CM,,,NO,7dbca87d30e974146ffe5f61a3983b4d,5dc040a302a3f9aaef23086b690572e8,194630380,1496268759
Dables Clasico,,DAB-CLA,,,NO,44fc4488672d2fd6c22340449dd4aaf7,61746fd0f7346cf2f7d004c1b8f934cf,244170650,1496267436
Dables Inclusivo,,DAB-IN,,,NO,a010939ff734bff4e9d49135290d4a43,6aa2c8828da7b4b8a21c9928265890a1,194631257,1482005842
Dables Italian brainrot,,DAB-ITA,,,NO,8d5e33ebb6f58b5778e4fcd5a4c96d30,2a9bbbdf1c2a859cacc24bb7278fbdfa,332427554,1485072434
Dables Latino,,DAB-LA,,,NO,bd14c87510998a5c5132502431bf85c7,8a9b3fcb46566bc8638dbb46c21faf10,194630898,1496266810
Dables Lumi,,DAB-LU,,,NO,d743e3e284eb25edf1c9e29b93d554d3,1d01cb1c1beecacabdc79e99896a037d,244170545,1482005850
Dactilo x 3 - Colorearte,,C-TUBI,,,NO,b2bccc55ac16326d1ca5424fb4c11348,f6ecfdee4dd49909ebf4449aa7cf3a26,49487659,132838573
Dactilo x 6 - Colorearte,,C-TUBO,,,NO,4a33b7d330390c24e89af4e4b7fac9eb,a2c1f2a0572d6050fb7a5981aab2718c,49485742,132834150
Dactilom - Colorearte,,C-DAC,,,NO,7f25021999caf3424bb2e900d3908018,5fde4392476bb54dfb9199ed1e7f54a3,209782031,875955218
Daki 409 (204 piezas),,DAKI-409,,,NO,8a53ab9aa522ace0e196a859ca0d540f,1b201dc874f37857a2f17803b9f0715d,216975383,949640255
Daki 507 (90 piezas),,DAKI-507,,,NO,c10c9fd97606c0b0a21d01b2a0573b3e,41420224d7e976f4e8b29b94489a5a84,216976349,949645813
Daki 524 (142 piezas),,DAKI-524,,,NO,1f0b6ab7e34993633939f8acd6d2eedf,108d818ba5e4257eeb7004b3d516ee33,92854999,353005564
Daki 526 (172 piezas),,DAKI-526,,,NO,ab6881e85b7b403932edae1be3e3711f,d8793619f48212b4e8a5ed063ad6f086,127092587,496022434
Daki 532 (167 piezas),,DAKI-532,,,NO,156b3779c7a268619fc4874ee82ebcfc,ccde3231f9c4d5d8243a5de004f9e51e,196032367,792068989
Daki 804 (96 piezas),,DAKI-804,,,NO,351d97073f2387c82c8ea06a12728b77,98d9c19d4fc0670311d8b1ab1b94a28d,269771626,1198836049
Daki 918 (120 piezas),,DAKI-918,,,NO,3b04c35d6775f65039e23bf133a056ab,60ec14175c8baf76cc0c87e141c19f1c,196033727,792080266
Diamond picture grande 40x50 cm - Sol,,SOL-DIG,,,NO,0996940d9335ee580c5271f06c157a39,a12c834275d2aa12fed985755b60ff2b,333218813,1481943052
Dinosaurio manta - Ñu,,ÑU-DM,,ñu-dm,NO,eaf023a92ffe601dbc6f5e40ee311139,107461190e5eff6f1399c94f299fe8f8,284747794,1274969046
Dinosaurios para armar con iman - Er,Naranja,ER-DINO-NARANJ,,,NO,63d1f9f80cab7ddcb5ae138011b50047,ee7317ef9887d41527ea53c8864fc44d,104505657,399986143
Dinosaurios para armar con iman - Er,Amarillo,ER-DINO-AMARIL,,,NO,63d1f9f80cab7ddcb5ae138011b50047,9c4c9c9a2fc9d322ee28aa727fc9492a,104505657,399986145
Dinosaurios para armar con iman - Er,Verde,ER-DINO-VERDE,,,NO,63d1f9f80cab7ddcb5ae138011b50047,ae1a39590f424b51b714c62c03bd8a85,104505657,399986142
Disfraz barbie mariposa - Lau,,DN-BM,,,NO,190809418f547e6cc03f5e5d9d0104f0,6f3bf7b543790ebc20438607f2bae0cb,187759882,739729752
Disfraz batman musculoso - Lau,,DN-BAT,,,NO,3139bb0012a13b6d9c4037f8cb32c0b1,ca02950b4aa23fa7b52ecdb34a6e700c,58747675,173892000
Disfraz Capa con capucha roja 100x150 - Lau,,DN-CCR,,,NO,f0f29e799cc758e5d94991dbf302c375,a0474f5b23aba0f15be2cf38659908ff,301720454,1344248025
Disfraz Capa Dracula 100x150 - Lau,,DN-CDG,,,NO,8e53ffe528ef915a57e470e6ffbb44ab,02850e8c8a02b4974db4650999784ff7,301719158,1344247318
Disfraz de abejita - Lau,,DN-ABE,,,NO,60d0b19164b1c01189ccecaf8d2d3ff9,3d87c9222a0e209cb4d27895dcdd11de,187757074,739713962
Disfraz de Ana Frozen - Lau,,DN-ANA,,,NO,0893a1e1383da754f7c4b33668ad4080,7a33bc7b5856450b74d09ebef757a3f3,58761332,173921288
Disfraz de Ana frozen - New toys,S,7798240798438-S,,,NO,7152bb52392aeb0418af856e2cbe1e96,4f3b074fc232c6a1e8ebd3ad2de24811,132513201,519135037
Disfraz de Astronauta - Lau,0 (2 años),DN-ASTRO-02ANOS,,,NO,03452e3c64919c50c027f2c78fb38aff,e7f1b104f6eacc8100955584aa6ade37,360208366,1574182693
Disfraz de Astronauta - Lau,1 (3 a 4 años),DN-ASTRO-13A4ANOS,,,NO,03452e3c64919c50c027f2c78fb38aff,c56f5d31d330a3fee978475f703d52fa,360208366,1574182694
Disfraz de Astronauta - Lau,2 (5 a 6 años),DN-ASTRO-25A6ANOS,,,NO,03452e3c64919c50c027f2c78fb38aff,21eff600e404b6c48a74dc57669ff826,360208366,1574182695
Disfraz de Astronauta - Lau,3 (7 a 8 años),DN-ASTRO-37A8ANOS,,,NO,03452e3c64919c50c027f2c78fb38aff,4240da8ae656b414cfcb7e390e8543ff,360208366,1574182697
Disfraz de Astronauta - Lau,4 (9 a 10 años),DN-ASTRO-49A10ANO,,,NO,03452e3c64919c50c027f2c78fb38aff,5ad5fee42c170c00d7629a55b00f5a13,360208366,1574182698
Disfraz de Astronauta - Lau,5 (11 a 12 años),DN-ASTRO-511A12AN,,,NO,03452e3c64919c50c027f2c78fb38aff,88ef44ad6b0f47b53e6f4001c2fef62c,360208366,1574182699
Disfraz de Aurora la bella durmiente - Lau,0 (2 años),DN-AURO-02ANOS,,dn-auro,NO,b536df6c113d3609174b8ab956e8f996,b2153a77de6f8ffccc57c257d24fbee8,58760277,1574149772
Disfraz de Aurora la bella durmiente - Lau,1 (3 a 4 años),DN-AURO-13A4ANOS,,dn-auro,NO,b536df6c113d3609174b8ab956e8f996,809724d7efb9f1da5923dc1bcfc91b9a,58760277,1574149775
Disfraz de Aurora la bella durmiente - Lau,2 (5 a 6 años),DN-AURO-25A6ANOS,,dn-auro,NO,b536df6c113d3609174b8ab956e8f996,e67d7ed3b7ebbeaf6b892ab85ef2dfda,58760277,1574149777
Disfraz de Aurora la bella durmiente - Lau,3 (7 a 8 años),DN-AURO-37A8ANOS,,dn-auro,NO,b536df6c113d3609174b8ab956e8f996,5afa610d2455a66d99a3f92cc5a6654f,58760277,1574149780
Disfraz de Aurora la bella durmiente - Lau,4 (9 a 10 años),DN-AURO-49A10ANO,,dn-auro,NO,b536df6c113d3609174b8ab956e8f996,7fa08b12fd6305bbda9b8a32c9296d9b,58760277,1574149784
Disfraz de Aurora la bella durmiente - Lau,5 (11 a 12 años),DN-AURO-511A12AN,,dn-auro,NO,b536df6c113d3609174b8ab956e8f996,a22acd9a205f2ab19034ca611828dd33,58760277,1574149786
Disfraz de Barbie cuadrille - Lau,,DN-BCU,,,NO,d7780a501a25a63538b40f803a657bbf,794eee0ad2c7ac8c6d912330b63ef0a6,175360705,669831389
Disfraz de Barbie dance - Lau,,DN-BD,,,NO,b4dcfd9d54827a45a9d37eb70340e390,bf9aa81629857292cbfc8b255ebd19cf,175361405,669834136
Disfraz de Beetlejuice - Lau,1 (3 a 4 años),DN-BJ-13A4ANOS,,dn-bj,NO,cf36dccc584c517e0e1e15908d03baed,f40a8f613c3c086c48e199683dcf30cd,237156579,1331797152
Disfraz de Beetlejuice - Lau,2 (5 a 6 años),DN-BJ-25A6ANOS,,dn-bj,NO,cf36dccc584c517e0e1e15908d03baed,061c5a91eb375c6289da369ce2924c12,237156579,1331797159
Disfraz de Beetlejuice - Lau,3 (7 a 8 años),DN-BJ-37A8ANOS,,dn-bj,NO,cf36dccc584c517e0e1e15908d03baed,f401d631f02ed479fe3621c294dead36,237156579,1331797165
Disfraz de Beetlejuice - Lau,4 (9 a 10 años),DN-BJ-49A10ANO,,dn-bj,NO,cf36dccc584c517e0e1e15908d03baed,0a874ca36ee470b5cdc1435d52627666,237156579,1331797174
Disfraz de Bella amarillo - Lau,1 (3 a 4 años),DN-BELLA-13A4ANOS,,DN-BELLA-13A4ANOS,NO,9006f849187f721a54ac0ec0a6156586,d7cf96264bfc54eb6ae0e009281e2990,58760715,1574157705
Disfraz de Bella amarillo - Lau,0 (2 años),DN-BELLA-02ANOS,,DN-BELLA-02ANOS,NO,9006f849187f721a54ac0ec0a6156586,f7d0dbb8ced5a74ae7321988ab0e3a60,58760715,1574157704
Disfraz de Bella amarillo - Lau,3 (7 a 8 años),DN-BELLA-37A8ANOS,,DN-BELLA-37A8ANOS,NO,9006f849187f721a54ac0ec0a6156586,73c0d291406842051e2a75887a0d3861,58760715,1574157707
Disfraz de Bella amarillo - Lau,4 (9 a 10 años),DN-BELLA-49A10ANO,,DN-BELLA-49A10ANO,NO,9006f849187f721a54ac0ec0a6156586,79f4ad7934163ecfb5d7ff69ee7a1f18,58760715,1574157708
Disfraz de Bella amarillo - Lau,5 (11 a 12 años),DN-BELLA-511A12AN,,DN-BELLA-511A12AN,NO,9006f849187f721a54ac0ec0a6156586,de7af8499bd9f77118f43b4a9e32bc9c,58760715,1574157709
Disfraz de Bella amarillo - Lau,2 (5 a 6 años),DN-BELLA-25A6ANOS,,DN-BELLA-25A6ANOS,NO,9006f849187f721a54ac0ec0a6156586,a9cb168133be2e640ca236d23c00012d,58760715,1574157706
Disfraz de Bella dorado - Lau,0 (2 años),DN-BEDO-02ANOS,,,NO,8f7e0b7d24298804b9364f531873a383,ab9772a10525e8eb925763a124b9b84c,331112243,1574158929
Disfraz de Bella dorado - Lau,1 (3 a 4 años),DN-BEDO-13A4ANOS,,,NO,8f7e0b7d24298804b9364f531873a383,4dbddab6789f6464ead753a6ed60337e,331112243,1574158931
Disfraz de Bella dorado - Lau,2 (5 a 6 años),DN-BEDO-25A6ANOS,,,NO,8f7e0b7d24298804b9364f531873a383,5655d0288abb16430225d195ebfe7e61,331112243,1574158932
Disfraz de Bella dorado - Lau,3 (7 a 8 años),DN-BEDO-37A8ANOS,,,NO,8f7e0b7d24298804b9364f531873a383,618110a50646e039d9b0694c2aa80a66,331112243,1574158934
Disfraz de Bella dorado - Lau,4 (9 a 10 años),DN-BEDO-49A10ANO,,,NO,8f7e0b7d24298804b9364f531873a383,7c8953811213c1bf8ce1be0f13fb9b88,331112243,1574158935
Disfraz de Bella dorado - Lau,5 (11 a 12 años),DN-BEDO-511A12AN,,,NO,8f7e0b7d24298804b9364f531873a383,ff5571634f5169259572dca0c4e44407,331112243,1574158936
Disfraz de Bella rosa - Lau,0 (2 años),DN-BERO-02ANOS,,,NO,e314dcf2e689be38c4c76e2f67735dc0,8822a6924b6dfd896cd11f039b9d05df,331114207,1574156308
Disfraz de Bella rosa - Lau,1 (3 a 4 años),DN-BERO-13A4ANOS,,,NO,e314dcf2e689be38c4c76e2f67735dc0,a9ee48ce161d3830c5390b82996c719c,331114207,1574156309
Disfraz de Bella rosa - Lau,2 (5 a 6 años),DN-BERO-25A6ANOS,,,NO,e314dcf2e689be38c4c76e2f67735dc0,1a8a2fe9c0986c0f48728f52ea739c32,331114207,1574156310
Disfraz de Bella rosa - Lau,3 (7 a 8 años),DN-BERO-37A8ANOS,,,NO,e314dcf2e689be38c4c76e2f67735dc0,ef4f107407cea266092ae7c5c84c354d,331114207,1574156311
Disfraz de Bella rosa - Lau,4 (9 a 10 años),DN-BERO-49A10ANO,,,NO,e314dcf2e689be38c4c76e2f67735dc0,8364987d7b8321eda99017ce444e9b50,331114207,1574156312
Disfraz de Bella rosa - Lau,5 (11 a 12 años),DN-BERO-511A12AN,,,NO,e314dcf2e689be38c4c76e2f67735dc0,f2f776e5938be80b324cc4bf9046d7b2,331114207,1574156314
Disfraz de Blanca nieves - Lau,0 (2 años),DN-BLA-02ANOS,,,NO,29f94fba8f6f7153daa89fa745faa518,9004e7582b56917556c70bd430839003,58760553,1574160351
Disfraz de Blanca nieves - Lau,1 (3 a 4 años),DN-BLA-13A4ANOS,,,NO,29f94fba8f6f7153daa89fa745faa518,ae8f70496910e7b28d353238e5018867,58760553,1574160352
Disfraz de Blanca nieves - Lau,2 (5 a 6 años),DN-BLA-25A6ANOS,,,NO,29f94fba8f6f7153daa89fa745faa518,3dc53fc5d4ba70a7983342c6db588911,58760553,1574160355
Disfraz de Blanca nieves - Lau,3 (7 a 8 años),DN-BLA-37A8ANOS,,,NO,29f94fba8f6f7153daa89fa745faa518,4234bfb2ad5b4039de110f945975ffa4,58760553,1574160358
Disfraz de Blanca nieves - Lau,4 (9 a 10 años),DN-BLA-49A10ANO,,,NO,29f94fba8f6f7153daa89fa745faa518,085115f5be82379eef5e86173fbb7efb,58760553,1574160359
Disfraz de Blanca nieves - Lau,5 (11 a 12 años),DN-BLA-511A12AN,,,NO,29f94fba8f6f7153daa89fa745faa518,b9ae68d518b8ded14ff449ef1d89a999,58760553,1574160361
Disfraz de Bombero - Lau,0 (2 años),DN-BOM-02ANOS,,,NO,f7d37dbd0a7ccfaffae29428d82ce91c,7db5bd7d4686677c7502d3b58f8a8652,187760909,1574182058
Disfraz de Bombero - Lau,1 (3 a 4 años),DN-BOM-13A4ANOS,,,NO,f7d37dbd0a7ccfaffae29428d82ce91c,105268a76fb598dd210722a08af81a38,187760909,1574182061
Disfraz de Bombero - Lau,2 (5 a 6 años),DN-BOM-25A6ANOS,,,NO,f7d37dbd0a7ccfaffae29428d82ce91c,1a2744ff38ac570757f41a5332911489,187760909,1574182064
Disfraz de Bombero - Lau,3 (7 a 8 años),DN-BOM-37A8ANOS,,,NO,f7d37dbd0a7ccfaffae29428d82ce91c,e2013b0bdea078897ed2f213ddba5579,187760909,1574182067
Disfraz de Bombero - Lau,4 (9 a 10 años),DN-BOM-49A10ANO,,,NO,f7d37dbd0a7ccfaffae29428d82ce91c,b43d8dd1079990d8d992e4c7871cfa56,187760909,1574182073
Disfraz de Bombero - Lau,5 (11 a 12 años),DN-BOM-511A12AN,,,NO,f7d37dbd0a7ccfaffae29428d82ce91c,ee8da2675f6efe2fd4a9bda32753ed6b,187760909,1574182078
Disfraz de bruja con sombrero - Lau,1 (2 a 3 años),DN-BRU-12A3ANOS,,dn-bru,NO,f440821116a628ea607461d723628ac9,fca670c0f1b0f5593590b4c41aac315f,139373271,1331674195
Disfraz de bruja con sombrero - Lau,2 (3 a 5 años),DN-BRU-23A5ANOS,,dn-bru,NO,f440821116a628ea607461d723628ac9,deecbbaa7c2008a917490a2dfaaedaba,139373271,1331674207
Disfraz de bruja con sombrero - Lau,3 (6 a 8 años),DN-BRU-36A8ANOS,,dn-bru,NO,f440821116a628ea607461d723628ac9,4e323e4e0ba8413b8cf1fdf2221ba543,139373271,1331674218
Disfraz de bruja con sombrero - Lau,4 (8 a 10 años),DN-BRU-48A10ANO,,dn-bru,NO,f440821116a628ea607461d723628ac9,e03590fe30a8adfe3962bf2cd7e90b05,139373271,1331674228
Disfraz de caballero - Lau,0 (2 años),DN-CA-02ANOS,,,NO,2b594e30a8fe5fb144827210b50b2944,33d2713e004a8e3cad6ac0bdceafcab7,187761242,1519956289
Disfraz de caballero - Lau,1 (3 a 4 años),DN-CA-13A4ANOS,,,NO,2b594e30a8fe5fb144827210b50b2944,cc6ededa465d89736ae3f648aef72c03,187761242,1519956297
Disfraz de caballero - Lau,2 (5 a 6 años),DN-CA-25A6ANOS,,,NO,2b594e30a8fe5fb144827210b50b2944,19febcb2df6d009a3ac575f7f2ee3205,187761242,1519956305
Disfraz de caballero - Lau,3 (7 a 8 años),DN-CA-37A8ANOS,,,NO,2b594e30a8fe5fb144827210b50b2944,d9cd3da581dc169709e347349b65407a,187761242,1519956312
Disfraz de caballero - Lau,4 (9 a 10 años),DN-CA-49A10ANO,,,NO,2b594e30a8fe5fb144827210b50b2944,a3d3dfcc7640d304c8686001403ced97,187761242,1519956320
Disfraz de caballero completo - Lau,0 (2 años),DN-CAC-02ANOS,,,NO,e4b398ceebd17603f1afeff7cc9ac5fd,1c93c9e29782b037c8e3cfbc2ba01be9,267507323,1519956553
Disfraz de caballero completo - Lau,1 (3 a 4 años),DN-CAC-13A4ANOS,,,NO,e4b398ceebd17603f1afeff7cc9ac5fd,e0b29182f3559302c92a79f3f6dae689,267507323,1519956577
Disfraz de caballero completo - Lau,2 (5 a 6 años),DN-CAC-25A6ANOS,,,NO,e4b398ceebd17603f1afeff7cc9ac5fd,295a6f525ec27ed5c1051775b0e7c261,267507323,1519956592
Disfraz de caballero completo - Lau,3 (7 a 8 años),DN-CAC-37A8ANOS,,,NO,e4b398ceebd17603f1afeff7cc9ac5fd,035eeddfc21466c667f1293c8455bcef,267507323,1519956605
Disfraz de caballero completo - Lau,4 (9 a 10 años),DN-CAC-49A10ANO,,,NO,e4b398ceebd17603f1afeff7cc9ac5fd,6b5ffe04a31d62335e30e016053451b7,267507323,1519956613
Disfraz de Calaca - Lau,1 (3 a 4 años),DN-CALA-13A4ANOS,,,NO,886337a559ee9f9e90284a073c651864,5837e1128ee6b705a2bb0ccd5859811d,185741708,1331802771
Disfraz de Calaca - Lau,2 (5 a 6 años),DN-CALA-25A6ANOS,,,NO,886337a559ee9f9e90284a073c651864,ced2402d85670fd8c285f0fc0cfc7c56,185741708,1331802783
Disfraz de Calaca - Lau,3 (7 a 8 años),DN-CALA-37A8ANOS,,,NO,886337a559ee9f9e90284a073c651864,08d87d86c1635e8faf267c26f3e158b7,185741708,1331802797
Disfraz de Calaca - Lau,4 (9 a 10 años),DN-CALA-49A10ANO,,,NO,886337a559ee9f9e90284a073c651864,5e347c9d51e27945a3dbf7f9a9d6a23d,185741708,1331802809
Disfraz de calaca vestido corto - Lau,1 (3 a 4 años),DN-CVC-13A4ANOS,,,NO,59bbdf7a5a3da86ad070f2729c429fa2,b5d200c8ab3ae92c115a933c8e7ac8c9,301606217,1343713840
Disfraz de calaca vestido corto - Lau,2 (5 a 6 años),DN-CVC-25A6ANOS,,,NO,59bbdf7a5a3da86ad070f2729c429fa2,2f07f8b95d8c401cc8c649c51b915ed2,301606217,1343713845
Disfraz de calaca vestido corto - Lau,3 (7 a 8 años),DN-CVC-37A8ANOS,,,NO,59bbdf7a5a3da86ad070f2729c429fa2,6499c975353097d2d238ec99df84a035,301606217,1343713850
Disfraz de calaca vestido corto - Lau,4 (9 a 10 años),DN-CVC-49A10ANO,,,NO,59bbdf7a5a3da86ad070f2729c429fa2,3b850e695c2fc87567a1130a74eaad22,301606217,1343713853
Disfraz de campanita verde - Lau,,DN-CAMP,,,NO,e39b859f311b4e786543b9af1dff0c08,44125258046a7d0b40caa966b9234f91,187761627,739743622
Disfraz de Capitan America - Lau,,DN-CAP,,,NO,0f94fd4b02a6310c7a3cce6c9c6fe29d,f4222db9e10184919137636584a3448b,187762168,739746753
Disfraz de Cenicienta - Lau,1 (3 a 4 años),DN-CENI-13A4ANOS,,DN-CENI-13A4ANOS,NO,ce565ea3ed1724c9de514aa828bb37ce,b7630b25237da1b76869976aeaebb83e,63355680,1574167168
Disfraz de Cenicienta - Lau,0 (2 años),DN-CENI-02ANOS,,DN-CENI-02ANOS,NO,ce565ea3ed1724c9de514aa828bb37ce,ce67dfb250d05fad64909623e3f1f2eb,63355680,1574167167
Disfraz de Cenicienta - Lau,2 (5 a 6 años),DN-CENI-25A6ANOS,,DN-CENI-25A6ANOS,NO,ce565ea3ed1724c9de514aa828bb37ce,5dd1c3ee9311bcda55397fead74a2e7e,63355680,1574167169
Disfraz de Cenicienta - Lau,3 (7 a 8 años),DN-CENI-37A8ANOS,,DN-CENI-37A8ANOS,NO,ce565ea3ed1724c9de514aa828bb37ce,944a96bf2e7b7dd0b3cc0cc0edf2c0ac,63355680,1574167170
Disfraz de Cenicienta - Lau,4 (9 a 10 años),DN-CENI-49A10ANO,,DN-CENI-49A10ANO,NO,ce565ea3ed1724c9de514aa828bb37ce,9b6ac367260efb56f54e4c955ea9cf9e,63355680,1574167171
Disfraz de Cenicienta - Lau,5 (11 a 12 años),DN-CENI-511A12AN,,DN-CENI-511A12AN,NO,ce565ea3ed1724c9de514aa828bb37ce,438d892e39882aea2e0c29eb408c5ae2,63355680,1574167172
Disfraz de cenicienta tul - Lau,,DN-CETUL,,,NO,d70aacecfe109392409aa98bf7c6f2a8,81828c73fccf7e0842c8a0ba7c7d901a,259372514,1150223819
Disfraz de Chase Paw Patrol - Lau,0 (2 años),DN-PWC-02ANOS,,,NO,9deb21b55ac0131b871dd0b111ad2eae,58a906393715e53ed0994c7965c2a4b0,83301361,1594985900
Disfraz de Chase Paw Patrol - Lau,1 (3 a 4 años),DN-PWC-13A4ANOS,,,NO,9deb21b55ac0131b871dd0b111ad2eae,63f37fedc05699e36594ff673ac357a8,83301361,1594985903
Disfraz de Chase Paw Patrol - Lau,2 (5 a 6 años),DN-PWC-25A6ANOS,,,NO,9deb21b55ac0131b871dd0b111ad2eae,f5ff8e50adef98bda283c0e96e1b1bbe,83301361,1594985905
Disfraz de Chase Paw Patrol - Lau,3 (7 a 8 años),DN-PWC-37A8ANOS,,,NO,9deb21b55ac0131b871dd0b111ad2eae,e8f8a1203892fd7b206d743724d5cd6b,83301361,1594985907
Disfraz de Chase Paw Patrol - Lau,4 (9 a 10 años),DN-PWC-49A10ANO,,,NO,9deb21b55ac0131b871dd0b111ad2eae,4b5e72192c9e34aeda700937d0751e55,83301361,1594985908
Disfraz de Chase Paw Patrol - Lau,5 (11 a 12 años),DN-PWC-511A12AN,,,NO,9deb21b55ac0131b871dd0b111ad2eae,35b4ff3dc293bf9dedb88a02c6064085,83301361,1594985909
Disfraz de dama antigua - Lau,0 (2 años),DN-DAMA-02ANOS,,,NO,c6a7ba673628fcdfffdf5d6623fdaa0c,b0568820e0db5fff96e4c7fca82b9c08,187774034,1519953958
Disfraz de dama antigua - Lau,1 (3 a 4años),DN-DAMA-13A4ANOS,,,NO,c6a7ba673628fcdfffdf5d6623fdaa0c,73a1d330751f9d295487348ef3d93b0b,187774034,1519953982
Disfraz de dama antigua - Lau,2 (5 a 6 años),DN-DAMA-25A6ANOS,,,NO,c6a7ba673628fcdfffdf5d6623fdaa0c,14345a3491dda845db8ce2dd8dd389f8,187774034,1519953990
Disfraz de dama antigua - Lau,3 (7 a 8 años),DN-DAMA-37A8ANOS,,,NO,c6a7ba673628fcdfffdf5d6623fdaa0c,10aeb1a7d8c1facfb0a89067241d6fdb,187774034,1519953996
Disfraz de dama antigua - Lau,4 (9 a 10 años),DN-DAMA-49A10ANO,,,NO,c6a7ba673628fcdfffdf5d6623fdaa0c,f95bf0d3890fa4999721ea8b4c323929,187774034,1519954002
Disfraz de deadpool - Lau,,DN-DP,,,NO,0a6d1cbf9d5a87d7314b108502dc1c20,d471ae22dac0709b945960b69563ef20,331138075,1473582920
Disfraz de dinosaurio - Lau,,DN-DINO,,,NO,97b6c0f2348460b7488260096ec8e701,d133df9cb311fcd2b06fdefbceb6843c,187773252,739835134
Disfraz de Dragon ball Z - Lau,,DN-DBZ,,,NO,8869e6bd9761de689236dee885b51377,8498e60d1a15222df2313f053a5272fa,331138692,1473585923
Disfraz de Elsa blanco Frozen 2 - Lau,,DN-ELB,,,NO,21a99c449d74a3b4b26d53f546b60962,a2fbef3320e373886fbc3186ae515699,58761627,173922464
Disfraz de Elsa celeste Frozen 2 - Lau,,DN-ELC,,,NO,ba7b4f973dbed5e43a5d1df18731dbe1,28efaf3e7ba7530359488b63f82a78bf,58761836,173923281
Disfraz de Elsa Frozen 1 - Lau,,DN-ELSA,,,NO,cacd765395c0cf1edf114be87e45c85b,996fd790475f3ddfdca4232808aa183e,58761534,173922053
Disfraz de Elsa Frozen sin mangas - Lau,,DN-ELSI,,,NO,176064f0792b0526ae331e49f48204fb,3aa44718155f0a70b652fb6bfd217af3,331115710,1473513128
Disfraz de esqueleto - Lau,1 (3 a 4 años),DN-ESQ-13A4ANOS,,,NO,9c7ba4afbed0e5e9d231572d2eac751a,e8d2e8103f91f6bc68f8bcfbbb110f65,187773715,1331797380
Disfraz de esqueleto - Lau,2 (5 a 6 años),DN-ESQ-25A6ANOS,,,NO,9c7ba4afbed0e5e9d231572d2eac751a,76141ee09d1a7412b1128fa248ec4cc9,187773715,1331797389
Disfraz de esqueleto - Lau,3 (7 a 8 años),DN-ESQ-37A8ANOS,,,NO,9c7ba4afbed0e5e9d231572d2eac751a,51b8b8d7952824e7c2d29abca2a5a147,187773715,1331797395
Disfraz de esqueleto - Lau,4 (9 a 10 años),DN-ESQ-49A10ANO,,,NO,9c7ba4afbed0e5e9d231572d2eac751a,c9b6847229d30ab94dd30b0f3b5768ec,187773715,1331797404
Disfraz de flash - Lau,,DN-FLASH,,,NO,268776ddc02563733c3ebb8f7bc4e65e,40783cff7434c57508be23e40613606e,187773850,739838395
Disfraz de gaucho - Lau,2 (5 a 6 años),DN-GAUCHO-25A6ANOS,,,NO,15202aebc95d23c21a4d514360336b82,29474a37ca100c507f241ebf3298cd02,187773059,1519964349
Disfraz de gaucho - Lau,3 (7 a 8 años),DN-GAUCHO-37A8ANOS,,,NO,15202aebc95d23c21a4d514360336b82,2b3cdda76219f58a3ff2bb9b8e90da8c,187773059,1519964354
Disfraz de gaucho - Lau,4 (8 a 9 años),DN-GAUCHO-48A9ANOS,,,NO,15202aebc95d23c21a4d514360336b82,99ca922f126614dd2faa2398db46ea0a,187773059,1519964358
Disfraz de gaucho - Lau,0 (2 años),DN-GAUCHO-02ANOS,,,NO,15202aebc95d23c21a4d514360336b82,7f15da3ec34323dce06769e057ed0888,187773059,1519964336
Disfraz de gaucho - Lau,1 (3 a 4 años),DN-GAUCHO-13A4ANOS,,,NO,15202aebc95d23c21a4d514360336b82,857c12e997a9c664c1a640ba92c4470b,187773059,1519964341
Disfraz de gaucho completo - Lau,0 (2 años),DN-GC-02ANOS,,,NO,183387a814bd4615bca6774b5592963e,44272d06a25b164d528333f83399916a,213090546,1519964102
Disfraz de gaucho completo - Lau,1 (3 a 4 años),DN-GC-13A4ANOS,,,NO,183387a814bd4615bca6774b5592963e,dcf4b1827f2ce4a1cb8e1fa2a75694c9,213090546,1519964110
Disfraz de gaucho completo - Lau,2 (5 a 6 años),DN-GC-25A6ANOS,,,NO,183387a814bd4615bca6774b5592963e,0efd256c71433719115ce5a54fec43f1,213090546,1519964116
Disfraz de gaucho completo - Lau,3 (7 a 8 años),DN-GC-37A8ANOS,,,NO,183387a814bd4615bca6774b5592963e,eb12bd34b16f77d8adb230af11984a19,213090546,1519964122
Disfraz de gaucho completo - Lau,4 (8 a 9 años),DN-GC-48A9ANOS,,,NO,183387a814bd4615bca6774b5592963e,a1625d45764febad673bc0b1857eb7b5,213090546,1519964129
Disfraz de Harley Quinn - Lau,,DN-HQ,,,NO,246c2bf8fb15907dfb10caaf2694e0c7,9310eaef832b0393d2705cd16b573a61,187774373,739843177
Disfraz de harry potter - Lau,,DN-HP,,,NO,5dcfa72ea37c68b2e1a361588ea37c9f,5b8c97c975a6eef14f413b66543b15c4,237154636,1040651858
Disfraz de Hulk - Lau,,DN-HULK,,,NO,fd9100a60cc9f7dd938cb56fc58acece,d38f42b2cf74ea1b8e4338fa7067e38e,58746661,173890142
Disfraz de ironman - Lau,,DN-IRON,,,NO,d85d3bbfcc1d293db9b613671641cda7,2ae5ce8261942ee5bb6683bb88502548,58746987,173890806
Disfraz de IT nena - Lau,1 (3 a 4 años),DN-ITN-13A4ANOS,,,NO,c1233540a474136c49556dd5d08cc42c,fe0237d94cd66341394687d00076a3dd,185744256,1331799188
Disfraz de IT nena - Lau,2 (5 a 6 años),DN-ITN-25A6ANOS,,,NO,c1233540a474136c49556dd5d08cc42c,fe5d8e5aca2cb83b7270094a792980e0,185744256,1331799199
Disfraz de IT nena - Lau,3 (7 a 8 años),DN-ITN-37A8ANOS,,,NO,c1233540a474136c49556dd5d08cc42c,26439829475432cae4ef55a0c96fe73b,185744256,1331799208
Disfraz de IT nena - Lau,4 (9 a 10 años),DN-ITN-49A10ANO,,,NO,c1233540a474136c49556dd5d08cc42c,e8fc5a23fe9a862246da0fdbf1b6e6ba,185744256,1331799215
Disfraz de IT varon - Lau,1 (3 a 4 años),DN-ITV-13A4ANOS,,,NO,a703b61479c91c832647615969f9db10,9d0783de2a677225943c9c4e5e3ccca4,185744593,1331799326
Disfraz de IT varon - Lau,2 (5 a 6 años),DN-ITV-25A6ANOS,,,NO,a703b61479c91c832647615969f9db10,4c341c079419376d58dbe2a4d119502b,185744593,1331799341
Disfraz de IT varon - Lau,3 (7 a 8 años),DN-ITV-37A8ANOS,,,NO,a703b61479c91c832647615969f9db10,506afb43247eb3620e21de8878145323,185744593,1331799353
Disfraz de IT varon - Lau,4 (9 a 10 años),DN-ITV-49A10ANO,,,NO,a703b61479c91c832647615969f9db10,bc389415688ea6c628a08c2a42615a94,185744593,1331799366
Disfraz de Jason - Lau,0 (1 a 2 años),DN-JASON-01A2ANOS,,,NO,02989fd85f9f46a2f34292610bbb62c7,16cf1ea45d982cb12a901ba98885b708,301617345,1343777659
Disfraz de Jason - Lau,1 (3 a 4 años),DN-JASON-13A4ANOS,,,NO,02989fd85f9f46a2f34292610bbb62c7,4c3b46d9987ed0ebab7ed26e71c367b8,301617345,1343777662
Disfraz de Jason - Lau,2 (5 a 6 años),DN-JASON-25A6ANOS,,,NO,02989fd85f9f46a2f34292610bbb62c7,d75a67fa2737d36e0b05af0f0c49c99a,301617345,1343777668
Disfraz de Jason - Lau,3 (7 a 8 años),DN-JASON-37A8ANOS,,,NO,02989fd85f9f46a2f34292610bbb62c7,998ec56be0bc3dd0e34ea1d2fa874da9,301617345,1343777673
Disfraz de Jason - Lau,4 (9 a 10 años),DN-JASON-49A10ANO,,,NO,02989fd85f9f46a2f34292610bbb62c7,c0c14ac23fe7da76ea98953ce6c27762,301617345,1343777676
Disfraz de Jazmin - Lau,,DN-JAZMIN,,,NO,e4686e1626a5d7b211bf3a9c10dfe2cb,ef8d0b92d91c3913aea3fc0604e6d7cf,58757962,173912711
Disfraz de la Casa de Gabby - Lau,,DN-CG,,,NO,f127ed1bda0efa1d98d243436021a079,a79d4af3224eb1558383cc1d0942316f,178185098,685128441
Disfraz de lady bug - Lau,,DN-LB,,,NO,01491557abf7d0f5095635530cdc57d6,daa9150f31bacb698fed70e70d089a7a,187775148,739847401
Disfraz de las LOL - Lau,,DN-LOL,,dn-lol,NO,6eb101c5486768824a602365f700a177,dfbbb42e8d74c1628b16afc674283607,58751874,173900007
Disfraz de Linterna verde - Lau,0 (2 años),DN-LV-02ANOS,,,NO,a34f644622348df5484f98879ce2e40a,341f30c681cdaf0d67d0098090ba5bcb,303537975,1350848764
Disfraz de Linterna verde - Lau,1 (3 a 4 años),DN-LV-13A4ANOS,,,NO,a34f644622348df5484f98879ce2e40a,f3fb16cb9eef03cbb683f4b1aea4364a,58747865,1574180690
Disfraz de Linterna verde - Lau,3 (7 a 8 años),DN-LV-37A8ANOS,,,NO,a34f644622348df5484f98879ce2e40a,51c61fbb5535b381c632a5461c1d2b2f,58747865,1574180693
Disfraz de Linterna verde - Lau,4 (9 a 10 años),DN-LV-49A10ANO,,,NO,a34f644622348df5484f98879ce2e40a,911204de06c3ef059d40d76ff58d6eee,58747865,1574180694
Disfraz de Linterna verde - Lau,5 (11 a 12 años),DN-LV-511A12AN,,,NO,a34f644622348df5484f98879ce2e40a,c181175379978c464a5e7d9300d7c8ec,58747865,1574180695
Disfraz de Linterna verde - Lau,2 (5 a 6 años),DN-LV-25A6ANOS,,,NO,a34f644622348df5484f98879ce2e40a,a302c035b4d07767cf326c6afdb5c264,58747865,1574180691
Disfraz de Luli Pampin - Lau,,DN-LP,,,NO,6f628b1a9884a445b42bc454d38cffd2,f74f54043598c640d291a854597c8105,221303510,972968106
Disfraz de Malefica - Lau,1 (3 a 4 años),DN-MALEFICA-13A4ANOS,,,NO,eed4c003a0e43264d00eae1560c6ecea,36d5f9bd3a92ab174049b321bbab06d5,185742788,1331803259
Disfraz de Malefica - Lau,2 (5 a 6 años),DN-MALEFICA-25A6ANOS,,,NO,eed4c003a0e43264d00eae1560c6ecea,1195989ec9a6ac2854be7615da28bf40,185742788,1331803274
Disfraz de Malefica - Lau,3 (7 a 8 años),DN-MALEFICA-37A8ANOS,,,NO,eed4c003a0e43264d00eae1560c6ecea,1c14a20aa76bca8df735068ddcd2c824,185742788,1331803286
Disfraz de Malefica - Lau,4 (9 a 10 años),DN-MALEFICA-49A10ANO,,,NO,eed4c003a0e43264d00eae1560c6ecea,bd5fc64bb64d7d7dbe42096754830c84,185742788,1331803295
Disfraz de Mario bross - Lau,,DN-MB,,,NO,a69034e3789d90eb15d178d801287dd9,24d30f049a93ed80737a538384d09d79,175347332,669781910
Disfraz de Mario bross tutu - Lau,,DN-MBT,,,NO,4155c4706c06fa8c5a260cfb958e4642,bbf9441dbbc7582824407f0b04f374f3,178185232,685129391
Disfraz de Marshall Paw Patrol - Lau,0 (2 años),DN-PWM-02ANOS,,,NO,5628ade77373206df043c8789735e722,870220d5842d0589647bed1953d060a7,83301539,1594991406
Disfraz de Marshall Paw Patrol - Lau,1 (3 a 4 años),DN-PWM-13A4ANOS,,,NO,5628ade77373206df043c8789735e722,1bce81f164e71a0d1bdfa15676ff75b1,83301539,1594991407
Disfraz de Marshall Paw Patrol - Lau,2 (5 a 6 años),DN-PWM-25A6ANOS,,,NO,5628ade77373206df043c8789735e722,a5bb9342c5b51db0214e35e97c04a01c,83301539,1594991409
Disfraz de Marshall Paw Patrol - Lau,3 (7 a 8 años),DN-PWM-37A8ANOS,,,NO,5628ade77373206df043c8789735e722,1ea3fda770c8cf459c933aef5396ee5c,83301539,1594991411
Disfraz de Marshall Paw Patrol - Lau,4 (9 a 10 años),DN-PWM-49A10ANO,,,NO,5628ade77373206df043c8789735e722,f8ef1147e13f4d16330835c3ad87d681,83301539,1594991414
Disfraz de Marshall Paw Patrol - Lau,5 (11 a 12 años),DN-PWM-511A12AN,,,NO,5628ade77373206df043c8789735e722,2823e9712ef14073c726cd6df60c4b6c,83301539,1594991415
Disfraz de Merlina - Lau,,DN-MER,,,NO,09620e52b1fbc02176e8bdc2e50dbe8c,fbf870425efd9339e2b0988a5945366a,167522752,633070303
Disfraz de merlina baile - Lau,,DN-MERB,,,NO,5637a87bf481dae69cb774c29eb70904,fa787a1e767280c495bfbc8ba5512557,167524386,633077551
Disfraz de merlina con tutu - Lau,,DN-MERT,,,NO,f3704c6fa7480a6294036f4eb137c9a9,07ece2af0bfe981460be9ddee7ed45bc,237164544,1040681031
Disfraz de Minnie Roja - Lau,0 (2 años),DN-MIRJ-02ANOS,,,NO,85acb92420a8f6cb0e35e71e0b18a742,72fab4b8a2595bb7a6f5313de040e29b,58750316,1574168244
Disfraz de Minnie Roja - Lau,5 (11 a 12 años),DN-MIRJ-511A12AN,,,NO,85acb92420a8f6cb0e35e71e0b18a742,7de6e1da43e25e92e63a53677731fd8b,58750316,1574168251
Disfraz de Minnie Roja - Lau,1 (3 a 4 años),DN-MIRJ-13A4ANOS,,,NO,85acb92420a8f6cb0e35e71e0b18a742,998df340aed1e60f9bdaf0df7c3c34d1,58750316,1574168245
Disfraz de Minnie Roja - Lau,2 (5 a 6 años),DN-MIRJ-25A6ANOS,,,NO,85acb92420a8f6cb0e35e71e0b18a742,3596429b6809b907fd6a8d4d8d4a59ca,58750316,1574168246
Disfraz de Minnie Roja - Lau,3 (7 a 8 años),DN-MIRJ-37A8ANOS,,,NO,85acb92420a8f6cb0e35e71e0b18a742,af6c77b3b6643efefae8297d49028a45,58750316,1574168248
Disfraz de Minnie Roja - Lau,4 (9 a 10 años),DN-MIRJ-49A10ANO,,,NO,85acb92420a8f6cb0e35e71e0b18a742,b60bef29cbd86b5b1992757f0108162c,58750316,1574168249
Disfraz de Minnie Rosa - Lau,0 (2 años),DN-MIRS-02ANOS,,,NO,335197df6706deef377b72e5ec0d7047,f4aaa778a6aeadc98393a99ea4d3d0fc,284699886,1574168856
Disfraz de Minnie Rosa - Lau,1 (3 a 4 años),DN-MIRS-13A4ANOS,,,NO,335197df6706deef377b72e5ec0d7047,c1d93d241781751493290948a91be934,284699886,1574168858
Disfraz de Minnie Rosa - Lau,2 (5 a 6 años),DN-MIRS-25A6ANOS,,,NO,335197df6706deef377b72e5ec0d7047,aa83ca15bb315577e785ac66a52e524c,284699886,1574168859
Disfraz de Minnie Rosa - Lau,3 (7 a 8 años),DN-MIRS-37A8ANOS,,,NO,335197df6706deef377b72e5ec0d7047,4675c5a112be1785164ccc295faa9b52,284699886,1574168860
Disfraz de Minnie Rosa - Lau,4 (9 a 10 años),DN-MIRS-49A10ANO,,,NO,335197df6706deef377b72e5ec0d7047,918a346c5ccfca81b4b7225d34b3a306,284699886,1574168861
Disfraz de Minnie Rosa - Lau,5 (11 a 12 años),DN-MIRS-511A12AN,,,NO,335197df6706deef377b72e5ec0d7047,a872eca700d04c7576859d0247fa97dd,284699886,1574168863
Disfraz de Moana - Lau,0 (2 años),DN-MOA-02ANOS,,,NO,7b3171c59ad52ee124c962601a57618a,55c9a8d8318c6c164a26d8c872d89b2d,58757667,1574171493
Disfraz de Moana - Lau,1 (3 a 4 años),DN-MOA-13A4ANOS,,,NO,7b3171c59ad52ee124c962601a57618a,dd860489897c32f033ea4366beacc02b,58757667,1574171494
Disfraz de Moana - Lau,2 (5 a 6 años),DN-MOA-25A6ANOS,,,NO,7b3171c59ad52ee124c962601a57618a,ff0611b1b39f46459173e0b8fbdd6f24,58757667,1574171496
Disfraz de Moana - Lau,3 (7 a 8 años),DN-MOA-37A8ANOS,,,NO,7b3171c59ad52ee124c962601a57618a,4ce4783a543bb13a0811d05729300e61,58757667,1574171497
Disfraz de Moana - Lau,4 (9 a 10 años),DN-MOA-49A10ANO,,,NO,7b3171c59ad52ee124c962601a57618a,3cfb85118652c07b467575dabc32132d,58757667,1574171500
Disfraz de Moana - Lau,5 (11 a 12 años),DN-MOA-511A12AN,,,NO,7b3171c59ad52ee124c962601a57618a,7c1d08ffbe72a6a3ee1fbb105e88d7b1,58757667,1574171503
Disfraz de Mujer maravilla - Lau,,DN-MUMA,,,NO,5a8a9579384cd25d06af6e48723a98fd,ae6aa1c87f8a3068cd8a7c532c2b87c6,58749743,173895842
Disfraz de Negrita - Lau,0 (2 a 3 años),DN-NP-02A3ANOS,,,NO,782275ca03732aed203ff0a51a4fb177,21ce4de84d5a0a07f8e8254c6e60c418,342683054,1520063820
Disfraz de Negrita - Lau,1 (3 a 4 años),DN-NP-13A4ANOS,,,NO,782275ca03732aed203ff0a51a4fb177,4d25aaa98a448123303e68f591686f34,342683054,1520063825
Disfraz de Negrita - Lau,2 (5 a 6 años),DN-NP-25A6ANOS,,,NO,782275ca03732aed203ff0a51a4fb177,eb0bc4b020d9c021caf32c018e8b63f3,342683054,1520063827
Disfraz de Negrita - Lau,3 (7 a 8 años),DN-NP-37A8ANOS,,,NO,782275ca03732aed203ff0a51a4fb177,070c8ee1780d1db9e70b6ecb162d0fb4,342683054,1520063830
Disfraz de Negrita - Lau,4 (9 a 10 años),DN-NP-49A10ANO,,,NO,782275ca03732aed203ff0a51a4fb177,602fc35fe732a74ae7fde7befb1a62e2,342683054,1520063840
Disfraz de Negrita - Lau,5 (11 a 12 años),DN-NP-511A12AN,,,NO,782275ca03732aed203ff0a51a4fb177,e8dca241b3c23328c15386fb7327582f,342683054,1520063843
Disfraz de Negrito - Lau,0 (2 a 3 años),DN-NPV-02A3ANOS,,,NO,5ecfa81846ea78be9b71fd1e4ef5b071,80f99c3d53baa86bf09d8242f2e57b25,342689918,1520081441
Disfraz de Negrito - Lau,1 (3 a 4 años),DN-NPV-13A4ANOS,,,NO,5ecfa81846ea78be9b71fd1e4ef5b071,127b96408e8a0060d0de39a0b98b8f57,342689918,1520081444
Disfraz de Negrito - Lau,2 (5 a 6 años),DN-NPV-25A6ANOS,,,NO,5ecfa81846ea78be9b71fd1e4ef5b071,cb2a881869030f5129e3da29fd3e7a65,342689918,1520081446
Disfraz de Negrito - Lau,3 (7 a 8 años),DN-NPV-37A8ANOS,,,NO,5ecfa81846ea78be9b71fd1e4ef5b071,b0d1e2ef622025f58a5aee628c900e0e,342689918,1520081449
Disfraz de Negrito - Lau,4 (9 a 10 años),DN-NPV-49A10ANO,,,NO,5ecfa81846ea78be9b71fd1e4ef5b071,8098b5478beff0c40124f5ef8f80e32b,342689918,1520081452
Disfraz de Negrito - Lau,5 (11 a 12 años),DN-NPV-511A12AN,,,NO,5ecfa81846ea78be9b71fd1e4ef5b071,a8d28e9c729ef64239a2b03ba39ecd13,342689918,1520081455
Disfraz de paisana - Lau,0 (2 a 3 años),DN-PAI-02A3ANOS,,,NO,a84c254eafd04d1dd9850137b82c16eb,f4cadc55efb0f31a0ec65b5ee97fcdea,187777149,1519948789
Disfraz de paisana - Lau,1 (3 a 4 años),DN-PAI-13A4ANOS,,,NO,a84c254eafd04d1dd9850137b82c16eb,b7bbf8eddd2f565efee2f0652e05ee81,187777149,1519948800
Disfraz de paisana - Lau,2 (5 a 6 años),DN-PAI-25A6ANOS,,,NO,a84c254eafd04d1dd9850137b82c16eb,22011875e63189eb3e7e3a8bafe02aae,187777149,1519948807
Disfraz de paisana - Lau,3 (7 a 8 años),DN-PAI-37A8ANOS,,,NO,a84c254eafd04d1dd9850137b82c16eb,6c5c9b70303911473597d9db06665af2,187777149,1519948813
Disfraz de paisana - Lau,4 (9 a 10 años),DN-PAI-49A10ANO,,,NO,a84c254eafd04d1dd9850137b82c16eb,84e42201b2006cd1f18f1719d6efaf84,187777149,1519948823
Disfraz de paisana - Lau,5 (11 a 12 años),DN-PAI-511A12AN,,,NO,a84c254eafd04d1dd9850137b82c16eb,571b323e805e80bce1a5dccf9a6d6b88,187777149,1519948832
Disfraz de Peach Mario bross - Lau,,DN-MBP,,,NO,acd0c5d9af664c611f28624839598c62,90057f4f456af29bd4c9b25de0bb65c1,175348371,669785952
Disfraz de peppa pig - Lau,,DN-PEPA,,,NO,27b6a996c08729786bc4b35cfbb7cfeb,1ae0201452a784e73aca6d95156ad728,58753885,173903543
Disfraz de piloto de carrera - Lau,0 (2 años),DN-PC-02ANOS,,,NO,0fcd6670e32a4623b5080bdec3fc97e1,54e2e87f9dad523efa69c20455b72c93,247174900,1594220421
Disfraz de piloto de carrera - Lau,1 (3 a 4 años),DN-PC-13A4ANOS,,,NO,0fcd6670e32a4623b5080bdec3fc97e1,64944420a77cae7b9c2ea8df6d70063e,247174900,1594220422
Disfraz de piloto de carrera - Lau,2 (5 a 6 años),DN-PC-25A6ANOS,,,NO,0fcd6670e32a4623b5080bdec3fc97e1,496b4b9aaba27885fa47b81f9697b4eb,247174900,1594220424
Disfraz de piloto de carrera - Lau,3 (7 a 8 años),DN-PC-37A8ANOS,,,NO,0fcd6670e32a4623b5080bdec3fc97e1,0b891f27cbfd8aae468f0b256333a2a3,247174900,1594220425
Disfraz de piloto de carrera - Lau,4 (9 a 10 años),DN-PC-49A10ANO,,,NO,0fcd6670e32a4623b5080bdec3fc97e1,43577bc731a8d54b95af518baac082aa,247174900,1594220426
Disfraz de piloto de carrera - Lau,5 (11 a 12 años),DN-PC-511A12AN,,,NO,0fcd6670e32a4623b5080bdec3fc97e1,a47704e0a39f3c2645bcb83a80778971,247174900,1594220427
Disfraz de piloto de carrera colapinto - Lau,0 (2 años),DN-PCC-02ANOS,,,NO,7294fe10ca7eae41aa75ad4d958001c5,f70613be7fe883eabc413837a935238a,366609798,1594220713
Disfraz de piloto de carrera colapinto - Lau,1 (3 a 4 años),DN-PCC-13A4ANOS,,,NO,7294fe10ca7eae41aa75ad4d958001c5,8fde26b2b2204f6277848dba2bf47291,366609798,1594220714
Disfraz de piloto de carrera colapinto - Lau,2 (5 a 6 años),DN-PCC-25A6ANOS,,,NO,7294fe10ca7eae41aa75ad4d958001c5,b62025292591c9e83193168c4fd6070c,366609798,1594220715
Disfraz de piloto de carrera colapinto - Lau,3 (7 a 8 años),DN-PCC-37A8ANOS,,,NO,7294fe10ca7eae41aa75ad4d958001c5,8fcc2a6dc642094a0c8f4fd0fd9b866b,366609798,1594220716
Disfraz de piloto de carrera colapinto - Lau,4 (9 a 10 años),DN-PCC-49A10ANO,,,NO,7294fe10ca7eae41aa75ad4d958001c5,3613f3bb2232d40a72b1f56c1e150791,366609798,1594220718
Disfraz de piloto de carrera colapinto - Lau,5 (11 a 12 años),DN-PCC-511A12AN,,,NO,7294fe10ca7eae41aa75ad4d958001c5,f95affe1348e067fa5a43a7b3e8da3fd,366609798,1594220720
Disfraz de pirata - Lau,,DN-PIRA,,,NO,e8766f3c932708da7ab6b2797aae41b5,847405e2e00d0139152d84cf1b6e79b1,187777631,739865684
Disfraz de Policia - Lau,,DN-POLI,,,NO,11d5ac1d8a063a5e868f22696d27e589,8257fa690a650afcefe0822f7e108a62,221302790,972963549
Disfraz de Policia basico - Lau,,DN-POLIB,,,NO,0f5afefb40dfa508c5044bf5fb9d0897,dba15d0622a4d1fe950855f7d57ec189,352447985,1549311868
Disfraz de Rapunzel - Lau,1 (3 a 4 años),DN-RAP-13A4ANOS,,DN-RAP-13A4ANOS,NO,d29e7522691a47afded6f4a36144f351,fca945488e1e6a1367409dcd32469edf,58760648,1574178860
Disfraz de Rapunzel - Lau,0 (2 años),DN-RAP-02ANOS,,DN-RAP-02ANOS,NO,d29e7522691a47afded6f4a36144f351,e420548685830e3687d2ce5cd64d9c76,58760648,1574178859
Disfraz de Rapunzel - Lau,5 (11 a 12 años),DN-RAP-511A12AN,,DN-RAP-511A12AN,NO,d29e7522691a47afded6f4a36144f351,9ea9f24b21004a274df96550e5a5ee63,58760648,1574178866
Disfraz de Rapunzel - Lau,2 (5 a 6 años),DN-RAP-25A6ANOS,,DN-RAP-25A6ANOS,NO,d29e7522691a47afded6f4a36144f351,74e7241c758ab6d4854fa7082b57a2ba,58760648,1574178861
Disfraz de Rapunzel - Lau,3 (7 a 8 años),DN-RAP-37A8ANOS,,DN-RAP-37A8ANOS,NO,d29e7522691a47afded6f4a36144f351,f37bd0d1ccd52346fd8c4d5107a6d9cd,58760648,1574178862
Disfraz de Rapunzel - Lau,4 (9 a 10 años),DN-RAP-49A10ANO,,DN-RAP-49A10ANO,NO,d29e7522691a47afded6f4a36144f351,e175f0827fde174416061abcb9967fb2,58760648,1574178864
Disfraz de rapunzel con perlas - Lau,0 (2 años),DN-RAPP-02ANOS,,,NO,97fabbb833dab6724e0ddf929f5056a8,b926fa81780145bd10e25e234f3a6456,352657934,1549875893
Disfraz de rapunzel con perlas - Lau,1 (3 a 4 años),DN-RAPP-13A4ANOS,,,NO,97fabbb833dab6724e0ddf929f5056a8,e1437df507feef0db8a7fb88d5eb83d9,352657934,1549875894
Disfraz de rapunzel con perlas - Lau,2 (5 a 6 años),DN-RAPP-25A6ANOS,,,NO,97fabbb833dab6724e0ddf929f5056a8,ae1024615239fe29da9ee041fd5dfc1c,352657934,1549875896
Disfraz de rapunzel con perlas - Lau,3 (7 a 8 años),DN-RAPP-37A8ANOS,,,NO,97fabbb833dab6724e0ddf929f5056a8,c378cd5c402eced175d18115bb1ed753,352657934,1549875899
Disfraz de rapunzel con perlas - Lau,4 (8 a 9 años),DN-RAPP-48A9ANOS,,,NO,97fabbb833dab6724e0ddf929f5056a8,7ebfda3c56a587db72170cd9ded22bbd,352657934,1549875902
Disfraz de sirenita - Lau,,DN-SIRE,,,NO,e848f49ad7b568636c0df2be2a07f97f,b61ec49eb05ab4f2d5cadee5ee7f4695,187779458,739881125
Disfraz de sirenita 2023 - Lau,,DN-SIRE23,,,NO,ada03c5c0c104ed87ed267b9c835459c,1b0ab7f08dc533ada03a2f98d2804d80,187779482,739881288
Disfraz de sirenita con perlas - Lau,0 (2 años),DN-SIP-02ANOS,,,NO,7f641ec352416e7060aff3e7033b4253,45c9c0dfd9425f252ec3a43ebd765657,352656338,1549874293
Disfraz de sirenita con perlas - Lau,1 (3 a 4 años),DN-SIP-13A4ANOS,,,NO,7f641ec352416e7060aff3e7033b4253,4f874cbebb93553fba748c1dc5537f0a,352656338,1549874294
Disfraz de sirenita con perlas - Lau,2 (5 a 6 años),DN-SIP-25A6ANOS,,,NO,7f641ec352416e7060aff3e7033b4253,53c4d5b4b90f67aa496ba85b8e5a08ba,352656338,1549874295
Disfraz de sirenita con perlas - Lau,3 (7 a 8 años),DN-SIP-37A8ANOS,,,NO,7f641ec352416e7060aff3e7033b4253,e9b0877f65f05ba0bfc1f34c25d060f1,352656338,1549874296
Disfraz de sirenita con perlas - Lau,4 (8 a 9 años),DN-SIP-48A9ANOS,,,NO,7f641ec352416e7060aff3e7033b4253,c2ab3cf85ed557599e45775da8fd0135,352656338,1549874297
Disfraz de Sky Paw Patrol - Lau,2 (5 a 6 años),DN-PWS-25A6ANOS,,,NO,68a7e5d70f40c54a0609f9740ebbabaf,eabef76ae82b6914f3392bf279fa0ab9,83301441,1594991957
Disfraz de Sky Paw Patrol - Lau,4 (9 a 10 años),DN-PWS-49A10ANO,,,NO,68a7e5d70f40c54a0609f9740ebbabaf,398ffc1a19d8781971909d793bb206b7,83301441,1594991964
Disfraz de Sky Paw Patrol - Lau,5 (11 a 12 años),DN-PWS-511A12AN,,,NO,68a7e5d70f40c54a0609f9740ebbabaf,6151e40748a053099f790ea64da38999,83301441,1594991965
Disfraz de Sky Paw Patrol - Lau,0 (2 años),DN-PWS-02ANOS,,,NO,68a7e5d70f40c54a0609f9740ebbabaf,faabc87f2b0cc1b92066d14b8c724e25,83301441,1594991951
Disfraz de Sky Paw Patrol - Lau,1 (3 a 4 años),DN-PWS-13A4ANOS,,,NO,68a7e5d70f40c54a0609f9740ebbabaf,381e21063d5b54720849004bd264dc28,83301441,1594991954
Disfraz de Sky Paw Patrol - Lau,3 (7 a 8 años),DN-PWS-37A8ANOS,,,NO,68a7e5d70f40c54a0609f9740ebbabaf,5690e423516a7b9092a290e21203b749,83301441,1594991962
Disfraz de sonic - Lau,,DN-SONIC,,,NO,c666de8954377c79a1965851cab4c37e,6b34d9eadcebe8c3fc30b0c4d3e03172,331145948,1473614071
Disfraz de super girls - Lau,,DN-SG,,,NO,89fbee555742c9d21e1dabc958827d7a,5096a062b780abe7af5b4b2ee50668ed,58749442,173895258
Disfraz de superman - Lau,,DN-SUPER,,,NO,242972d3144c7bd21596ad7958af7432,5a1a7a87fa75503045dabc3961e3152e,58746073,173889110
Disfraz de Unicornio corto - Lau,1 (3 a 4 años),DN-UNIC-13A4ANOS,,,NO,db502d1bfdbaa5f33a47974b4e46b4ef,d53449bd6ca70c0489589a419e513a7f,356989096,1563469339
Disfraz de Unicornio corto - Lau,5 (11 a 12 años),DN-UNIC-511A12AN,,,NO,db502d1bfdbaa5f33a47974b4e46b4ef,e83ddc24ae7b7591bd31451117ecb29c,356989096,1563469344
Disfraz de Unicornio corto - Lau,2 (5 a 6 años),DN-UNIC-25A6ANOS,,,NO,db502d1bfdbaa5f33a47974b4e46b4ef,e17c6a489e88a4441050843f4ef0e6d3,356989096,1563469340
Disfraz de Unicornio corto - Lau,3 (7 a 8 años),DN-UNIC-37A8ANOS,,,NO,db502d1bfdbaa5f33a47974b4e46b4ef,473cf16c08ea0304c49e6b7346671217,356989096,1563469341
Disfraz de Unicornio corto - Lau,4 (9 a 10 años),DN-UNIC-49A10ANO,,,NO,db502d1bfdbaa5f33a47974b4e46b4ef,9e167ac99781d936f586599e63ff23b7,356989096,1563469343
Disfraz de Unicornio largo - Lau,1 (3 a 4 años),DN-UNIL-13A4ANOS,,,NO,c842921df655acf2077ea73b0503408c,e46116ac61646ab01c8f9b7140a3a6c4,58760865,1563463971
Disfraz de Unicornio largo - Lau,2 (5 a 6 años),DN-UNIL-25A6ANOS,,,NO,c842921df655acf2077ea73b0503408c,98dd424cfdcc28dff258870c77ebca55,58760865,1563463972
Disfraz de Unicornio largo - Lau,3 (7 a 8 años),DN-UNIL-37A8ANOS,,,NO,c842921df655acf2077ea73b0503408c,c2524d57a050c21ae35d5794a8c2f900,58760865,1563463973
Disfraz de Unicornio largo - Lau,4 (9 a 10 años),DN-UNIL-49A10ANO,,,NO,c842921df655acf2077ea73b0503408c,8163d5fcc29236475cdc297c7a3734b2,58760865,1563463974
Disfraz de Unicornio largo - Lau,5 (11 a 12 años),DN-UNIL-511A12AN,,,NO,c842921df655acf2077ea73b0503408c,d9e853c6d90572a9e2667c1e9e611a58,58760865,1563463977
Disfraz de venom - Lau,,DN-VENOM,,,NO,e94c0875a135af16c82c5c9ac706a605,cdd3522273ba4d6137c1f4dc2b6e76c5,247175920,1087855560
Disfraz Guerrera de Kpop amarillo - Lau,1 (3 a 4 años),DN-GKPA-13A4ANOS,,,NO,6b1ec86a8f2a1c87ebeebe8b6c627165,45b0e00bab49163722ab2d539f5e3337,303534544,1350836605
Disfraz Guerrera de Kpop amarillo - Lau,2 (5 a 6 años),DN-GKPA-25A6ANOS,,,NO,6b1ec86a8f2a1c87ebeebe8b6c627165,de3ccfb9aa456ce797132e9cb0d79f40,303534544,1350836611
Disfraz Guerrera de Kpop amarillo - Lau,3 (7 a 8 años),DN-GKPA-37A8ANOS,,,NO,6b1ec86a8f2a1c87ebeebe8b6c627165,16760c96b1c2f440f020757d47fb7a50,303534544,1350836612
Disfraz Guerrera de Kpop amarillo - Lau,4 (9 a 10 años),DN-GKPA-49A10ANO,,,NO,6b1ec86a8f2a1c87ebeebe8b6c627165,931a0743cc6454922a021dc5675a89dd,303534544,1350836615
Disfraz Guerrera de Kpop amarillo - Lau,5 (11 a 12 años),DN-GKPA-511A12AN,,,NO,6b1ec86a8f2a1c87ebeebe8b6c627165,c15b085eee3cc72a1441f3055467e155,303534544,1358560822
Disfraz Guerrera de Kpop blanco - Lau,1 (3 a 4 años),DN-GKPB-13A4ANOS,,,NO,eda5520f55bd11eef45730687c2f6384,ee79d5b876cd7bcd45ef0666f12666fb,334074127,1485304846
Disfraz Guerrera de Kpop blanco - Lau,2 (5 a 6 años),DN-GKPB-25A6ANOS,,,NO,eda5520f55bd11eef45730687c2f6384,ce37983dcb7adbd74b4b5de0cd9f8e39,334074127,1485304852
Disfraz Guerrera de Kpop blanco - Lau,3 (7 a 8 años),DN-GKPB-37A8ANOS,,,NO,eda5520f55bd11eef45730687c2f6384,a4c6e29094e301b1407511a954d9b53c,334074127,1485304858
Disfraz Guerrera de Kpop blanco - Lau,4 (9 a 10 años),DN-GKPB-49A10ANO,,,NO,eda5520f55bd11eef45730687c2f6384,51cf3c19154ff39e76dc630fe2748f28,334074127,1485304864
Disfraz Guerrera de Kpop blanco - Lau,5 (11 a 12 años),DN-GKPB-511A12AN,,,NO,eda5520f55bd11eef45730687c2f6384,0d2f6e2c4cc27374ffa16db8cbf94b13,334074127,1485304868
Disfraz Guerrera de Kpop negro - Lau,1 (3 a 4 años),DN-GKPN-13A4ANOS,,,NO,9fce18335282d776d7d3b93d77575fc7,d5baa496df39641a9b810900578be79c,303534256,1350835365
Disfraz Guerrera de Kpop negro - Lau,2 (5 a 6 años),DN-GKPN-25A6ANOS,,,NO,9fce18335282d776d7d3b93d77575fc7,d5b3b17164afd5cfc76f5211f263273e,303534256,1350835372
Disfraz Guerrera de Kpop negro - Lau,3 (7 a 8 años),DN-GKPN-37A8ANOS,,,NO,9fce18335282d776d7d3b93d77575fc7,6bc700fb8b3f71302adc416384752388,303534256,1350835376
Disfraz Guerrera de Kpop negro - Lau,4 (9 a 10 años),DN-GKPN-49A10ANO,,,NO,9fce18335282d776d7d3b93d77575fc7,38e1cc41d0c60748913a1c667f8332a4,303534256,1350835381
Disfraz Guerrera de Kpop negro - Lau,5 (11 a 12 años),DN-GKPN-511A12AN,,,NO,9fce18335282d776d7d3b93d77575fc7,bdc4a00872ee4c4118c05ffb496c73b8,303534256,1358582342
Disfraz Guerrera de Kpop Zoey - Lau,1 (3 a 4 años),DN-GKPZ-13A4ANOS,,,NO,d5ab2e0a216f5f2e2d6749f665018fe3,7eaeb6b2e7d84eb4ed2033995efac8ce,334366039,1486792032
Disfraz Guerrera de Kpop Zoey - Lau,2 (5 a 6 años),DN-GKPZ-25A6ANOS,,,NO,d5ab2e0a216f5f2e2d6749f665018fe3,2f5a7dc6c0413d227ed7e429b823ec3a,334366039,1486792037
Disfraz Guerrera de Kpop Zoey - Lau,3 (7 a 8 años),DN-GKPZ-37A8ANOS,,,NO,d5ab2e0a216f5f2e2d6749f665018fe3,66c4d8ce6241d04f27975cf882e291f1,334366039,1486792040
Disfraz Guerrera de Kpop Zoey - Lau,4 (9 a 10 años),DN-GKPZ-49A10ANO,,,NO,d5ab2e0a216f5f2e2d6749f665018fe3,1b16d0e7da83acb8e3628b5e70fd45b7,334366039,1486792044
Disfraz Guerrera de Kpop Zoey - Lau,5 (11 a 12 años),DN-GKPZ-511A12AN,,,NO,d5ab2e0a216f5f2e2d6749f665018fe3,4d9148488f70402e804d8d6624fff70e,334366039,1486792050
Disfraz Harry Potter - Vulcanita,S,7798002586853-S,,,NO,1d35d46b54ac0bda91fb610242a7b337,84b189b2af4cb1b2dc21b3c18f7532da,135139766,527918587
Disfraz Harry Potter - Vulcanita,M,7798002586853-M,,,NO,1d35d46b54ac0bda91fb610242a7b337,2a2e0ff9fe506afadd3d8cd4f739e138,135139766,527918589
Disfraz Harry Potter - Vulcanita,L,7798002586853-L,,,NO,1d35d46b54ac0bda91fb610242a7b337,e0022db0e5b0db2986db740aa4955394,135139766,527918592
Disfraz tutu de bruja naranja - Lau,1 (3 a 4 años),DN-TBN-13A4ANOS,,,NO,7f6f662edb0cfeb7881bb97effcaea09,d921ed9cfd5ddff404eb492e52da4a52,301632216,1343845456
Disfraz tutu de bruja naranja - Lau,3 (7 a 8 años),DN-TBN-37A8ANOS,,,NO,7f6f662edb0cfeb7881bb97effcaea09,721e27483964bf3a48ec5cff57c8a4e5,301632216,1343845475
Disfraz tutu de bruja naranja - Lau,2 (5 a 6 años),DN-TBN-25A6ANOS,,,NO,7f6f662edb0cfeb7881bb97effcaea09,a53f848fb6a192ecac23e6bc1a663f49,301632216,1343845467
Disfraz tutu de bruja naranja - Lau,4 (9 a 10 años),DN-TBN-49A10ANO,,,NO,7f6f662edb0cfeb7881bb97effcaea09,b590b8b8df6ad4c97f96f9e1e9de0804,301632216,1343845480
Disfraz tutu de bruja negro y dorado - Lau,1 (3 a 4 años),DN-TBND-13A4ANOS,,,NO,9ddaa222eebc768bfce95ff435e26274,1f031bc678bb68619140672cb6414826,301629120,1343832250
Disfraz tutu de bruja negro y dorado - Lau,2 (5 a 6 años),DN-TBND-25A6ANOS,,,NO,9ddaa222eebc768bfce95ff435e26274,c6d6be28068978b61c941828b2953b19,301629120,1343832254
Disfraz tutu de bruja negro y dorado - Lau,3 (7 a 8 años),DN-TBND-37A8ANOS,,,NO,9ddaa222eebc768bfce95ff435e26274,501c5db5ad50b151f9a270a600f94e99,301629120,1343832257
Disfraz tutu de bruja negro y dorado - Lau,4 (9 a 10 años),DN-TBND-49A10ANO,,,NO,9ddaa222eebc768bfce95ff435e26274,ba02b7d01afe5e3d97829bfcb8402267,301629120,1343832262
Dron E99 - Sol,,SOL-E99,,sol-e99,NO,aebcb263970b77534b1e80659e71cd14,56fabff9f0fcf5403ea9755ec3f1aa49,283836406,1270589459
Dumpling con brillo - ch,,CH-DUM,,,NO,03bbe64beb7646f385a29661065954ff,19713c12309976f504eb575a1c527c64,351608106,1546746280
Ecologia - Didactica integral,,DI-ECO,,,NO,64e61d252c0782122cd64c9e53d74e41,d4e959dcc7151f5b4b37c83fb3d8e215,49747918,133646237
Emociometro - Luna li,,LUL-EMO,,,NO,6573ea2b2c5270b642c2a8d9ff91df1a,9c5750811468920b05db650fb45c063c,329896125,1468023085
Emociones un viaje a tu interior - We art,,WA-EMO,,,NO,9337bab74fb3ccc8afe95d99f49257c6,3a4a10a95336cb784a7e3ce1fa5f4d0b,246642264,1085126989
Encastre con cabito - Er,Vehiculos,ER-02-VEHICU,,,NO,6a9623001c38aaa71b0ec09219ea6769,59bf906294e938c78408ff3b9f0b09b3,104500626,399972364
Encastre con cabito - Er,Selva,ER-02-SELVA,,,NO,6a9623001c38aaa71b0ec09219ea6769,e37cc0e9b9f673a533d3004e4e16f580,104500626,399972362
Encastre con cabito - Er,Granja,ER-02-GRANJA,,,NO,6a9623001c38aaa71b0ec09219ea6769,902b712e060d952d4988631f82da7d12,104500626,399972363
Encastre con relieve - Er,Selva,ER-03-SELVA,,,NO,1f47fda7639e485d011899b3623ae554,ce104ea5951366696f31af482e198b75,58497817,399946651
Encastre con relieve - Er,Granja,ER-03-GRANJA,,,NO,1f47fda7639e485d011899b3623ae554,65a5e1755b68bcda96d903fa44e9811f,58497817,399946650
Encastre con relieve - Er,Transporte,ER-03-TRANSP,,,NO,1f47fda7639e485d011899b3623ae554,ebfdf2421462ef0997aa61f1766bb66b,58497817,399946653
Encastre con relieve - Er,Señora de la granja,ER-03-SENORA,,,NO,1f47fda7639e485d011899b3623ae554,92df2c7b1e0b0ecfa178f8fad177f512,58497817,399946654
Encastre con relieve - Er,Familia,ER-03-FAMILI,,,NO,1f47fda7639e485d011899b3623ae554,5430d4079bb3ba23a7e7abca7f651500,58497817,399946652
Encastre de 10 piezas - Pampa pua,,PAM-E10,,,NO,da91fa40ff7b97ce156773bb95693a72,83693f994e7c480b607f66bde4284e60,171500857,651126237
Encastres dobles - Er,Bosque,ER-04-BOSQUE,,,NO,a377a869b195610bbf4f8202d06f6b04,9c97cc0bcee575e6359d81329341e2db,58497479,399958140
Encastres dobles - Er,Casa de osos,ER-04-CASADE,,,NO,a377a869b195610bbf4f8202d06f6b04,e58efe5e934834b2c5c6366dfcc82324,58497479,399958141
Encastres dobles - Er,Zoo,ER-04-ZOO,,,NO,a377a869b195610bbf4f8202d06f6b04,12ec7b83b2eaf40699691416aa9c099e,58497479,399958143
Encastres simples - Er,Selva,ER-01-SELVA,,,NO,ad251a855c1d4c0e157d47f4151ff935,baeb7bf0def0b8f724ba517d2353d80d,58497697,399930925
Encastres simples - Er,Transporte,ER-01-TRANSP,,,NO,ad251a855c1d4c0e157d47f4151ff935,01ae61830915a7648e31ec6c90ff2b2e,58497697,399930926
Encastres simples - Er,Granja,ER-01-GRANJA,,,NO,ad251a855c1d4c0e157d47f4151ff935,45275825c1cda27320d27badf6e034db,58497697,399930924
Encastres simples - Er,Señora de la granja,ER-01-SENORA,,,NO,ad251a855c1d4c0e157d47f4151ff935,a193b3f14de644c6b850fa1eb11949d4,58497697,399930927
Escritorio casita y pizarron - RA,,RA-ECP,,,NO,c00d5ea29099996eed2b14b50ef8295a,da515039844a223acde581fd6433fba9,146215382,562266430
Espuma de baño - Arrugadedos,,ARRU-JA,,,NO,e3b9da4bda332e8b3753312dd7c135d4,f5ffadc38afcbc936b4b1d6394ea8159,55447252,152337971
Espuma para dibujar - Arrugadedos,,ARRU-ESPU,,,NO,e2645e71e99890772a3aabbdf795aada,b26b81ba47842975ebd4c47fdef74f23,55447658,152339303
Explora bichos - Tiju,,TI-EB,,,NO,e8c75431efe6cb6d2f99c6b296370ee5,0f2120feb3ce08bfe09e4801f2b25e8e,171696524,652127667
Extensor de mano - BS,,BS-EM,,BS-EM,NO,prod_muof1t47h9wsa4,var_muof1t4782cxdx,370993413,1609001585
Familia magneticos - Er,,ER-MF,,,NO,9de9cb33d7ee7f6c7013d2b0ef4fba00,84f02c8638ef2ffd0bb47dccb2bc4343,95111208,361621926
Fiesta de disfraces caja de madera - Clap,,CLAP-FD,,,NO,f2fb1ea944394f68e9838a398cf813fe,7747cda1e68583333416f9734c7cd624,55997363,1497037343
Figuras de Dragon Ball Z N1 - Sol,,SOL-DBZ1,,sol-dbz1,NO,c0bad19f1ff8ee2044f2d1243eacb7cd,5d5eee289550b5e9bd089f68bcda7e47,276360074,1235001439
Figuras de Dragon Ball Z N2 - Sol,,SOL-DBZ2,,sol-dbz2,NO,de8a114ed7ba3e21d50502b40babfb5a,911204a68d40af957d20158ac17f81aa,276364631,1235019928
Finger skate x4 - Sol,,SOL-SKATE,,sol-skate,NO,07a1d18c61841dda00a0988cf8c4f843,fdb96754c9c241bd7c834bebd5636e92,276346237,1234935084
Fisher price - mini monstruos,Rosa,887961522167-ROSA,,,NO,f5f3c28900cdbdf45414c6089878af27,ed3fef3ca03d4e141f1e33fea73eb0ef,100462656,385048510
Fisher price - mini monstruos,Verde,887961522167-VERDE,,,NO,f5f3c28900cdbdf45414c6089878af27,a82468d0238217c770e25d15e3879499,100462656,385048509
Fisher price - mini monstruos,Rojo,887961522167-ROJO,,,NO,f5f3c28900cdbdf45414c6089878af27,184fc9b37ba7814fff2bf59df9504ca9,100462656,385048511
Flautas caritas - Classic world,Violeta,6927049045387-VIOLET,,40538,NO,ed6546a34ddf715662a1645fd109cd2e,743c0bae803e09891ba8aeaca4b35441,95952435,365849574
Flor multicolor - Comarca,,CO-FM,,,NO,724e9fc6a66f5838bdfeacc426af6dc7,998740b1b03c16d482427526fad0c200,102990701,395014896
Flotador coche con techo - Bestway,Celeste,6942138933925-CELEST,,,NO,16e84d40688f35de28d2f892f00f7c40,04a7fb62750cc2d4a4df5926d960e56e,190419347,764682675
Frida Kahlo 32 CM - Pitucas,,PIT-FK,,,NO,cd53ad2ab466b63914eb6d7df937228a,40552fb5d558657f89e06e758d987202,239843230,1053025107
Frutas y verduras en tela - Casimira,,CAS-FV,,,NO,e79fa1f8bb834aa2220fb78d8afa747f,08d7e82749646516e9fe74a141284e2c,223978058,986118709
Funko pop Alternativo Ana 81 - Chin,,CH-FUNKANA,,,NO,84493a2d3d69ec82c9ed4e7e3f3d0fd9,446ee88bb21c82f9ce62d570d3ee3537,241509629,1060330829
Gallina kikis nost - Ñu,,ÑU-GA,,,NO,4501f293c5474888fd2e1a6d40f480da,1372912106faecdc6aa794452417f96d,284716338,1498212269
Gata Atenea 33 CM - Pitucas,,PIT-GA,,,NO,10fa30e265fc279785e396cd86ef0b5a,e7bb48c385057ba813a97cf7be7eb0c4,239842008,1053020948
Gato mundialista 33 CM - Pitucas,,PIT-GM,,,NO,292522979f604feaf5222452e337331a,2521595a00d753b1bd077decf7ff97ad,239841635,1053018619
Gimnasio montessori - RA,,RA-G,,,NO,53b4b8ed0dc6c0aa4b8575973eba80fd,c54248079b657b9ae6d658bd5b1e8f85,146223057,562287069
Gobblet gogglers tateti - Ñu,,ÑU-GO,,,NO,f4d91ea7ec0f6f90bf1f2725c1757600,bdf25d7d4c0f5d6f5c5c65ddbf0342a6,284717204,1498191501
Gomas de borrar - Colours,Jungla,5993102242322-JUNGLA,,,NO,e4d96d5bb94df4c80c26b670dda48efe,ccd5a80e21bf6f3f202da12b6e0580f4,215742542,944531350
Gomas de borrar - Colours,Astronautas,5993102242322-ASTRON,,,NO,e4d96d5bb94df4c80c26b670dda48efe,a36042c35b5871b792b59eba3fdb8f5b,215742542,944531348
Gorra Perro benji - Skora,,7 790774320949,,,NO,3bfeb720024c68a0243f03f420d068d4,e2ba05eb0a7513d432f9406f9ff258e5,186841614,733418347
Gran camion encastre - Comarca,,CO-CE,,,NO,2e285e5e4dd40d594345103008426768,d90b8c9d21b015ffc63bcd53eed39e30,102936096,394821578
Granja - Pampa pua,,PAM-GRA,,,NO,432bfb26c22e7942fa20491ad4d042a5,a49c82b6821b5b4ca0150f816b97d785,171547980,651369409
Granja con animales encastrable - Er,,ER-GRA,,,NO,ae1544bb5df317823c2aca81a2dd6616,59e7f47aab1342fd9b5b67ca77dc4761,222838255,981027966
Granja sorpresa con animales - Ing,,ING-GRA,,,NO,3cbe63ddc4cc321997f7b80a70711d18,0ea007438abbecc59f3e34bce5bb0c2a,275485161,1231129937
Grip 1 dedo Pack por 2 - AD,,AD-GRIP1,,,NO,16a0b0fcace60054398619e4440f78f5,b370c19535c32b300505e7f10b6347b3,166571864,629517301
Grip 2 dedo Pack por 2 - AD,,AD-GRIP2,,,NO,35f2a3f41a5b866f75c192101c39748b,f17c121300a4256e4014036fbb70514b,166572630,629520694
Grip 3 dedos Pack por 2 - AD,,AD-GRIP3,,,NO,917b93b847b764558547af07320ddf3c,06b37fdc3c7bc7100c6d6ea6b0aa375f,119953705,465450373
Grip 5 dedos - PSF,,PSF-G5,,,NO,9944015f6a930503f081979bcf8a0781,609ad72480d5b5d73030389e05c15411,237522707,1042101269
Grip anillo - PSF,,PSF-GA,,,NO,835ed73321324511b3d530e33d6304b3,bafa0e61f9d856b1bf1b39a1aa6de926,237533041,1042151170
Grip crossover - PSF,,PSF-GC,,,NO,2096c57b5edc1855fdddc2be3db1d162,b336d9666a155a12a8450b866e2dba9f,237527112,1042119767
Grip ecurson - PSF,,PSF-GE,,,NO,c301e588688dee4ddbe4652775eac9c4,a9dca2bf91fcdbe7189f15b4ca7227ff,237527908,1042123130
Grip ergonomico - PSF,,PSF-GER,,,NO,a50fd5e2ded4b74a33b7213cc0de8d2b,2163e9e6289596c07d4e7b0506a23f47,237528936,1042128303
Grip grotto - PSF,,PSF-GG,,,NO,95f0cfca4bdde7b2454d9be887a472fa,f16e553708e7350e21f5d0375f107a81,237526445,1042116574
Grip mariposa - PSF,,PSF-GM,,,NO,93d720f0ca871760c11f8c7bdbe7777c,070fc4d621075b12993d65386bc55c44,237531713,1042142528
Grip mariposa con agarre - PSF,,PSF-GMA,,,NO,56cb100af500638d67d45dfd3115b9bc,0b7cbedbe47138cef6d7f0442deb2450,237531048,1042138323
Grip para lapices N1 - Luna li,,LUL-GN1,,,NO,1bfd6601692ecbce76cbf8d29487a55c,ab970fde68892e889fdccc6a13815d6a,329890802,1468003053
Grip para lapices N2 - Luna li,,LUL-GN2,,,NO,aae4813f0328900f3325a2a6817ee7d4,2ecd03c5850aa472a30fd1f3e3eae2f5,329891576,1468005164
Grip para lapices N3 - Luna li,,LUL-GN3,,,NO,1aace1714151f512686b04b7888b9c16,8c4ce7c1de1030971537a59e9057b1d7,329892760,1468008659
Grip triangulo Pack por 2 - AD,,AD-GRIPT,,,NO,679e668bec14dfe6b39b171ad3495cfd,5de12057d85df3b2e02f8e21fce59e81,119955625,465455947
Grua mecanica para armar 272 piezas - Cada,,CADFL-G,,cadfl-g,NO,769745e313db88380444cfdafed73e41,a62c6506c19cc9f1625ef5c443ef55b9,247840524,1091270262
Guante lanza tazos Hulk - Chin,,CH-GH,,,NO,ca110b51e46aabfc63d49722a39d2df2,4ec21c098812c9604199ac253f8968e0,223431073,983491679
Guason halloween - Lau,4 (9 a 10 años),DN-GUA-49A10ANO,,,NO,0d90d533e45bb9355bd06b6705a7fab4,c65fb1d6490ca2e9f1a738fb0b089869,139819129,1331805082
Guason halloween - Lau,1 (3 a 4 años),DN-GUA-13A4ANOS,,,NO,0d90d533e45bb9355bd06b6705a7fab4,3d7c282d0a6e6c5fcfcddd88bdb2e289,139819129,1331805057
Guason halloween - Lau,2 (5 a 6 años),DN-GUA-25A6ANOS,,,NO,0d90d533e45bb9355bd06b6705a7fab4,f51c893a55f18d82729d3c784d6852d6,139819129,1331805067
Guason halloween - Lau,3 (7 a 8 años),DN-GUA-37A8ANOS,,,NO,0d90d533e45bb9355bd06b6705a7fab4,57f27154dd7224875214d5effb1e024f,139819129,1331805075
Guitarra de madera chica,,GUI-CH,,,NO,b884114caa18f940275807a30277abfd,3922ea3f0071a955d39c234d0accf3b7,71606285,265075244
Guitarra de madera grande,,GUI-G,,,NO,54d19b77cd7d2f55e3e9d7459bbd1c51,6dd1b8b3a2b771db11e03bbed054e808,71606062,265073886
Guitarra de madera mediana,,GUI-M,,,NO,ac5ec28d57cef44b25848d053af639ca,68cc04a5766df9eb81c62b56ab14abdc,71606211,265074551
Hamaca - Pampa pua,,PAM-HA,,,NO,e28ef171d351d4a95322b5a1aa093fc4,e02e649d30b4ad9e540d647c17dc9932,171495390,651102776
Hamburguesa en tela - Casimira,,CAS-HAM,,,NO,8f8c902f68f56c14187a53a63c558131,7e3a6092ef2d94c65cc146d0fafecc3e,223973517,986085381
Harry potter bloques - Chin,,CH-BHP,,,NO,128be786f525e214877b7c4ff68854b8,50d04eed48fd91d3df124f604bd16ada,229355430,1011313504
Helados de cucurucho por 6 en tela - Casimira,,CAS-HC,,,NO,a783c327f23f797f4a90b22c4db503e9,8bf014a14b6b95df5ef0b3557d31b4b4,223980841,986126801
Helados en tela - Kiwi,,KI-HELA,,,NO,bb1eae069416d4ea6fd09804a4b334c2,486d0a3aa06519a33ba866d8291c236f,147630055,566558067
Hoy quiero ser artista Casa,,HQS-ART,,,NO,3a17c093ccabf9a081343622538ad572,fc1e1ee32d211b7030d06b81df9a35fd,119749476,464568822
Hoy quiero ser cocinero/a,3 a 5 años,HQS-COS-3A5ANOS,,,NO,e68917366271b28bcfdf9a96b80f08b3,bccca08ea65887a68f27beea3a5de46e,119622943,463976852
Hoy quiero ser cocinero/a,6 a 8 años,HQS-COS-6A8ANOS,,,NO,e68917366271b28bcfdf9a96b80f08b3,f5e690f43dc764f4b191479e83588546,119622943,463976854
Hoy quiero ser cocinero/a,9 a 12 años,HQS-COS-9A12ANOS,,,NO,e68917366271b28bcfdf9a96b80f08b3,a7d4f05bde75bb918699f7d0790fc4d9,119622943,463976856
Hoy quiero ser cocinero/a,,HSQ-COCI,,,NO,7c5dfed0dd7cf606521789834d35dbad,6cc23e4a4d9f3065ba407745936801cb,126554063,493801869
Hoy quiero ser Doctor/a,de 3 a 5 años,HQS-DOC-DE3A5A,,,NO,625e72de8aebf269d6bac88687d06c4b,5275214ea3be74bd267da8ef46655a12,119611090,555055559
Hoy quiero ser Doctor/a,de 6 a 7 años,HQS-DOC-DE6A7A,,,NO,625e72de8aebf269d6bac88687d06c4b,b4765fbb5fdfcf2dc96d24aeec39d5bf,119611090,555055560
Hoy quiero ser Mama / Papa,,HQS-MP,,,NO,974bcca5509c65a71daa2c31e51bb6ca,c06938bc5d9a6741aabb8f58441f04fb,143722585,555071016
Hoy quiero ser mecanico/a,2 a 3 años,HQS-MEC-2A3ANOS,,,NO,9c131b0f15df558766ff1d57a2ff433a,ad71745f375ae1bac8689574558eab97,119626045,463990723
Hoy quiero ser mecanico/a,4 a 5 años,HQS-MEC-4A5ANOS,,,NO,9c131b0f15df558766ff1d57a2ff433a,189a1e679d6b04277e41a72844197682,119626045,463990724
Hoy quiero ser mecanico/a,6 a 7 años,HQS-MEC-6A7ANOS,,,NO,9c131b0f15df558766ff1d57a2ff433a,c40898c218b2be7e673eba44c1835b60,119626045,463990725
Hoy quiero ser veterinario/a,3 a 5 años,HQS-VET-3A5ANO,,,NO,bffad60b8c4440b208393f8d311db22c,92a273d0a7decbec1380ad95b53c4375,126554116,524161749
Hoy quiero ser veterinario/a,6 a 7 años,HQS-VET-6A7ANO,,,NO,bffad60b8c4440b208393f8d311db22c,a94a451b1a75a5d80e49580166c32afb,126554116,524161750
Hoy quiero ser veterinario/a,8 a 10 años,HQS-VET-8A10AN,,,NO,bffad60b8c4440b208393f8d311db22c,d5fab341e3989ac286e26a65e0cb19ce,126554116,524161751
Huevera con 6 huevos para encastre - Ing,,ING-HU,,,NO,e4bfe108bfee505b159b2ff06410864e,b30be79e214f2248626b1f77c738feb2,275713848,1232152170
Imantado Barrio doble - Clap,,CLAP-BARRIO,,,NO,92d7e440650c61b613674051a5f3f968,f503a4cfcb13cf5ba86db14076e00eee,56006115,1496911693
Imantado caritas - Clap,,CLAP-03,,,NO,18ef8043deb537293297b8572983178b,865118c2c8810bf2aa9ad612a885f347,56008342,1496909161
Imantado cuerpitos - Clap,,CLAP-CUE,,,NO,56b854a708a145bceb8cd7e22364f596,708cb89ee2623b8122b61f8db20ab98b,56007505,1496910423
Imantado letras numeros y figuras geometricas - Clap,,CLAP-ID,,,NO,c04666773aa0ac71ebe6e94bc27feb62,7c38361153071bd85e8aad3771f5b8a2,56006354,1497019590
Imantado letras y numeros - Clap,,CLAP-09,,,NO,500bbb0ad025bfec57a8268fd31856b9,8fe45c2eb19eed07cb33d7389c683708,56009181,1497035736
Imantado Mandalas - Clap,,CLAP-02,,,NO,bdd25828d03a5fcd1735a81397bbbf64,05ac1d916ca097fbf55675b78d92d761,56006574,1512904447
Imantado mini barrio - Clap,,CLAP-04,,,NO,09d95f5f262fafb46f2ee36e60518aa1,385356bbfd483df133b07d7952f5bf71,90850559,1482006758
inflable unicornio - Explorer fan,,IN20,,IN20,NO,3153de25faa086205ea2e596b0366a85,53138faf61ed89ae9ca4c1f260d18aa1,306630219,1362854551
Invasion from under hero 6 - Chin,,CH-LG,,,NO,bc91d3b64662752d7432b563172d3f0e,5956c3c6fab270aa0853bebc4ff05852,100039188,383330917
Involcable de animales - bestway,Elefante celeste,6942138973945-ELEFAN,,,NO,205571cbf34c8ef8a33b7eee6eb9c90d,bde05d89a51ce7d2a727437a377c9594,71823428,406065255
Involcable de animales - bestway,Foca,6942138973945-FOCA,,,NO,205571cbf34c8ef8a33b7eee6eb9c90d,ed5b10b92ab1fb179b1d12ea2f5ac434,71823428,406065256
Involcable de animales - bestway,Jirafa,6942138973945-JIRAFA,,,NO,205571cbf34c8ef8a33b7eee6eb9c90d,891add8cc979411734f2f05e4586033c,71823428,406065253
Jabon a+o - Arrugadedos,,ARRU-AO,,,NO,761e7953607732a1b0ec1c12bdde83ca,60fd7675b2231d8af86c732eebc56f98,145791128,561165669
Juego de agua para embocar huellas - Colours,,COLO-AG,,,NO,ba14a3c14c737b240f1303f1d5c2dbde,d61a943cc54130ee7b830936845097ad,205858288,1496810855
juego de equilibristas - Bambu,,BAM-EQ,,,NO,eec056b0add24c55819a52a333d7eaeb,4739c33c92613d841da09d4c8576a465,192454411,1498211697
juego de pesca - arrugadedos,,ARRU-PES,,,NO,27eff16d9af13dc8508fca15c45aba4b,6b80f5472b666619319df1acece4c504,55447082,152337261
Juliana - Set de rollers y protectores,S,7798360010120-S,,,NO,0488dc96d8a5a9a0eb6d05fa73387c36,31b5cc5600503ea63e2f1bfb7ea1503e,146975108,564540098
Juliana - Set de rollers y protectores,M,7798360010120-M,,,NO,0488dc96d8a5a9a0eb6d05fa73387c36,78142841160b63171ad2bcd40d81e0b7,146975108,564540099
Kit asado en tela - Kiwi,,KI-ASA,,,NO,cef5fb814ec114f55ceaaa5bdda5e25e,4504de7417c39e7749ecdaa9dda3afdf,119986842,465585020
Kit creatividad en bolsa - Colorearte,,C-KC,,,NO,adbd3891dcd3285fe7eac637dfe7079c,c21e46f62e25cc5d72714afdec3ba0cf,126985350,495548991
Kit de arte hada chico - Fam,,TF-KCN,,,NO,290fc12f82cecdaf83779d2d4b5ec473,338ba33351c20c8b984447d8c5a390e3,221494558,974505083
Kit de arte hada grande - Fam,,TF-KGN,,,NO,eb0c0f22f9bb3c46c4f848e4a37881ce,d3ec36355916ac242d1bbdb06fbcc3bd,221483116,974456543
Kit de arte hada mediano - Fam,,TF-KMN,,,NO,f20795ac67cb80ed1c656ffb16dc1d82,dd7220c94c191fd43cb6d1d2db33e32b,221484799,974462749
Kit de arte hadas mini - Fam,,TF-KMIN,,,NO,71f73cc7b6d4bc526ad1687a362649da,9df50610ced4644c1556fa4693877a26,221500972,974533604
Kit de arte heroe chico - Fam,,TF-KCV,,,NO,4d14806cce92b0d18f66309fdad97e31,d3380982154e8283b12fbe953704c5d4,221491557,974487831
Kit de arte heroe grande - Fam,,TF-KGV,,,NO,3333f894f68a3dd4afdf7af691d22065,0dcbf0d84de3e0854c91e84c694bc844,221482936,974456082
Kit de arte heroe mediano - Fam,,TF-KMV,,,NO,4549c4ef933d2a8c074e416e87b9f04e,1dd94aa99f2acbb003cb980c4933888c,221484528,974461498
Kit de arte heroe mini - Fam,,TF-KMIV,,,NO,62819053d93e43f47085eaa8d10a9e4a,35c90ae817a70bf70e7e1d10af126e2e,221494624,974505834
Kit de bordado abrazo - Rosaura,,RO-BAB,,,NO,465b57588de00aebbfe1be444aa1d048,482875922b4ec37a73b0913a8b600bd6,222619506,980104722
Kit de bordado aguará guazú - Rosaura,,RO-BAG,,,NO,aebb119e8ad54746a329b6b8326932c0,bc6b059a764fbe9f350f19be4ae94018,222625248,980126739
Kit de bordado anochecer - Rosaura,,RO-BAN,,,NO,f139e0189b83a8f485f59ae95bc28ed7,63b6608bf05969dea50b9e86fd82653d,222615121,980087090
Kit de bordado carpintero - Rosaura,,RO-BCA,,,NO,7f928b6ff2ce540c6316c63910b87907,8ae84087a8f2570334d74c3d9c543f97,222626596,980132010
Kit de bordado contemplacion - Rosaura,,RO-BCO,,,NO,60a0754ec23b1433319834483e1494ed,53b8245c306ea4552fc71221fe546686,222613940,980083919
Kit de bordado magico Arcoiris chico - Later,,LL-CA,,,NO,959d14f7d5791c00e1d653828d5d43fe,7542901fa40cb263b050e6267fd19698,221779165,975778179
Kit de bordado magico Arcoiris grande - Latero,,LL-GA,,,NO,963693d6482666b3946e311feef95465,573be785d138755d1e11534736cfc25d,221761764,975675634
Kit de bordado magico Boton de oro grande - Latero,,LL-GBO,,,NO,dad720753d26695a888fd1ea433233e6,6269f770583a39f28f226986f39587c7,221761362,975672705
Kit de bordado magico Calafate grande - Latero,,LL-GC,,,NO,9173637cd0104b2a4406fc94401fd49e,3f3a07e79ca63ddcc9768d6bf4cba434,221761115,975671260
Kit de bordado magico Corazon chico - Later,,LL-CC,,,NO,eb15547129df10a8c34084ad51b75ccd,ef85de3223404115b8f36cde5796e271,221778654,975775349
Kit de bordado magico Corazon estrella grande - Latero,,LL-GCE,,,NO,254b4fc929ee98298de2c15b7c0631b9,e2bcd83a64e838267531051a14eb4600,221703255,975281570
Kit de bordado magico Estrella chico - Later,,LL-CE,,,NO,c1bb4b9f95435923b96e2ba188fc8680,999c2d95b64c87dd031667a10b34f0dc,221778844,975776426
Kit de bordado magico Estrella fugaz grande - Latero,,LL-GEF,,,NO,b9db637ca9f58b559147c33766a836ce,7d5a0a36235718cea16f0b8eb217017e,221762295,975678994
Kit de bordado magico flor chico - Later,,LL-CF,,,NO,d713ca83dd418c6beabb9a10eda81506,fd96ae59fb3922dff6c89611c303f829,221773413,975744153
Kit de bordado magico Frida grande - Latero,,LL-GF,,,NO,4efadf21fc7ab6b418290b6ff19ad2e8,34438ed606b527ecd67ef46729e63eb1,221763043,975683523
Kit de bordado magico Gato grande - Latero,,LL-GG,,,NO,c614bab6d5c6eac9f4a89434efd18528,33c9708a22a0df3f1566a92d21b2928a,221754019,975642345
Kit de bordado magico LLuvia grande - Latero,,LL-GLL,,,NO,295ec7a869b348e6287929be1e67f0b9,0fdcdcd73b6a8606411fe561890e47d7,221758815,975660306
Kit de bordado magico mandala chico- Latero,,LL-CM,,,NO,439750abbe8245ea800edb21197a72a5,42d53b9c1eb52d9a2565bbbe0265a511,221772026,975735619
Kit de bordado magico Mapache grande - Latero,,LL-GM,,,NO,d5060ac2ac250d9e8e069bc50d4bf2d2,5676703b01194eb51cafaf064ae2b771,221754665,975644912
Kit de bordado magico Perro grande - Latero,,LL-GP,,,NO,8e2e1ecbda6496c7d810343072846de3,3f2e87c2c4ee8e5dcafa22549c2d464a,221751922,975635764
Kit de bordado magico Unicornio grande - Latero,,LL-GU,,,NO,04d0dfe3602fff544b6b1a2cc026474e,ccdf9d63a43b7a2068275a5743e93738,221762740,975681724
Kit de bordado magico Zorro grande - Latero,,LL-GZ,,,NO,14f6aac41507eae7465bad0e4af2440d,0cdfbc0b86680f4c22978e2c9e26fae5,221760728,975669044
Kit de bordado mulita - Rosaura,,RO-BMU,,,NO,4c4d720c6e7960bd44cb50010112c3ea,08dc2e865f86dc2921b6d896c1360989,222627420,980135993
Kit de bordado pinguino de magallanes - Rosaura,,RO-BPI,,,NO,535905afdfb15791a52912891d2f73d9,d4cc2b9e801056129c458f75ee30830b,222623493,980118816
kit de cocina argentina - blanqui,,B-COCIA,,,NO,859bd8af81bcc65158771ccd75b6b2e3,bc92cb1f70786bba3ab40b49d386220d,348511073,1537589809
Kit de explorador - Manos a la masa,,MANO-EX,,,NO,181edbf7a60e5bba9bd4ee75ec2a0b00,6cf11fbc31dd80ec1c4d4d1838afbaaf,116956190,450333774
Kit de jardineria - Manos a la masa,,MANO-JAR,,,NO,f375471380fad2cc822127f6c23fa586,abf68814901bdfadcab6524796127f0a,76804959,293932780
Kit de mosaico arcoiris - RF,,RF-MA,,,NO,b5ddef1ee0fbbdc9c71cc22913c75fb5,1de712aecd7706685407425be226c4f6,125557680,489861822
Kit de mosaico Bailarina - RF,,RF-MBA,,,NO,5bf6aed25d7a745f9a8e39d08ccc0ada,1946c46d8773eeb7c74fc6dce14e9879,125556596,489860271
Kit de mosaico casita - RF,,RF-MCA,,,NO,5b2607f26f85efe1ed7385eaff909a49,5822a9d683389826f0b9f38883727d62,125556925,489861069
Kit de mosaico cohete - RF,,RF-MCO,,,NO,e246a601b022d0a6aae8cfd216e26bde,8e917e131272d8d229352385ec8257d6,125558705,489863193
Kit de mosaico corona - RF,,RF-MC,,,NO,5e18c53410ff25bc45a9b0a36879b319,340fe4ff6abc01bbd2134bfe75bc7b2e,166444255,629026905
Kit de mosaico dinosaurio - RF,,RF-MDI,,,NO,22f660f7bc371d6ea712816c1e3418e1,266f754ca864ebcb27bbc9111704fc47,125557423,489861658
Kit de mosaico espejo - RF,,RF-MES,,,NO,020ee1bb5af403ccf07c6cc61bad7917,bec25ba0ea034709e35d03d55cba9e18,140900192,545883327
Kit de mosaico faro - RF,,RF-MFA,,,NO,be2bf1b6f5ef503aa2e5012dfd751a0d,e47031058a5303bfc26a910144133730,125558805,489863665
Kit de mosaico flor espejo - RF,,RF-MFE,,,NO,54f6804cac34f4a7e23faf5526c90067,9aef7ccef6b5215cc2096acc083418a0,166439096,629010173
Kit de mosaico florcita - RF,,RF-MFL,,,NO,1bdf6b883366f8b6ea8f5527e1fc5137,f2904992f89ecb1b0c123121bf8df392,125558346,489862471
Kit de mosaico frida kahlo - RF,,RF-MF,,,NO,cd56441dfa640dfcd0512a532ac8759c,8613e07a1fd3343c819f0b2f257487e8,210425460,879661292
Kit de mosaico globo - RF,,RF-MGL,,,NO,8f0d3ccaa5373d60f374e8aec77b2b83,2f02f503256f0c6afc25a0c4ff9d5538,125557971,489862320
Kit de mosaico iguana - RF,,RF-MIG,,,NO,394335166e3602eb919e0a2e11e4ee09,1729169f394adc8be7bc6a2a4080fd63,140902563,545891393
Kit de mosaico love - RF,,RF-MLO,,,NO,7881901b094afe67ec3d1f37c052e986,5a514dac9942814f615858269912c6c5,166442351,629021706
Kit de mosaico mariposa - RF,,RF-MMA,,,NO,91027345ee745de41bd55a55b1b56415,3714923518d01b5a4b2208d6abaf8d4d,125558627,489862934
Kit de mosaico Mini van - RF,,RF-MMV,,,NO,fdddeb442988bc96f776c8db72c54b0c,4266fa289c96622e5a5da4441fa0a8c4,125556772,489860706
Kit de mosaico moto vespa - RF,,RF-MMO,,,NO,d01d1bd96733e6db1add7413d7a0a426,198a2b326f2011292269d12fba256694,166446069,629031384
Kit de mosaico principito - RF,,RF-MP,,,NO,6ffea996e32148cb710867eeb528d0d4,45abefb47f3eaddc01aadea9860c5157,210425791,879662763
Kit de mosaico sirena - RF,,FR-MSI,,,NO,8c618791b722292c20c003eff4cb5c64,6a192a9fbc2271afeac7b4663e8cb30c,166444474,629027257
Kit de mosaico submarino - RF,,RF-MSUB,,,NO,b07d7932da0094b2a488ca85991b12a2,5d8677d1d04fdfa106f8637f2438e467,125557212,489861235
Kit de mosaico tractor - RF,,RF-MTR,,,NO,98ce5b18aca66bc78c52f576024d5e50,5d4cd92442cce93484db0912119e26c6,125557771,489686191
Kit de mosaico unicornio - RF,,RF-MUN,,,NO,36d74fae7e0f45009614fe247ca217ac,a64c6bc853bf96a1e9f3342e19a75091,166445989,629031058
Kit de mosaico Zen - RF,,RF-MZ,,,NO,db964e28ac156fdcf8599dfeb6b11f83,bba42a19ec102c7147118882df9d97d6,125557885,489862188
Kit de sandwich en tela - Kiwi,,KI-SAN,,,NO,38c204e7cdb8706d8d177c6cead90ce8,1ebab44b33801fb321ed05948ca6a33b,119981831,465562122
Kit del mini chef - Manos a la masa,,MANO-KMC,,,NO,6ccb2a28ae95cecec1f61d573c72f042,069f991af8046d7ebf2b4018b5545582,76803461,293924162
Kit delicias en tela - Kiwi,,KI-DELI,,,NO,b62009aa9679bc0fda420580993bded8,53601bbeb45df614d9be752dc85a646d,119987855,465588637
Kit hamburguesa en tela - Kiwi,,KI-HAM,,,NO,e55e33294b8a58dbaa6309eece41136a,43b1f3986eefc4eef36f7a7769ddf70e,119983653,465573825
Kit individual servilleta y toalla Nena en globos - Ing,,ING-KITN,,ing-kitn,NO,f6d6ec5e5bede8584c7d2f866520cd9e,1711ebf38e8e5cb67ed678bad0ada285,111563444,427099143
Kit individual servilleta y toalla Vampirina - Ing,,ING-KITV,,,NO,3f3633fed06b2685ad84294e60954f99,e16aa7983557013aab3a017f3a596e8e,111565229,427107631
Kit mochila batik - We art,,WA-MB,,,NO,53d5fe157d5f4bf7afee86a53485367c,dcf9dbd05cc4084e7e77dca231afc3c3,246355754,1083525603
Kit pescaderia en tela - Kiwi,,KI-PESCA,,,NO,5a01d96a90e2bfcdc21977d9546b1758,85014470616493ce795c7725163bf0ce,147627630,566552843
Kit pizza en tela - Kiwi,,KI-PIZZA,,,NO,3cc7a5d6ebffc00fe1dbabfd698ca83a,3ec4a84eb8053b49d936e71581ed8a40,147627193,566551632
Kit sushi en tela - Kiwi,,KI-SU,,,NO,fe0ef2eb1d35d10158bd92380ef89f51,f6bbbeb986a9faefd1322957893a4bdb,119984477,465577073
Koala que respira -N&A,,NYA-CO,,NYA-KO,NO,260fbfa593fea99f4209acc7cdb09eb9,b4b601af9deea8467e0993684c261eac,271514631,1212637477
Kuromi manta - Ñu,,ÑU-KM,,ñu-km,NO,dab9c9b5ada344d24e5f01a075be45c2,0eb8f14a4ab49e426879837d0372375b,284753251,1274986606
Kuromi peluche 25 cm - MT,,MT-KU,,,NO,dda593cea830d6a8e1e0a2e75d59a5c5,52ef35a5fa2059daeac0c84cea1a19cf,223410842,983368453
La orquesta cromo - Minimento,,MM-LO,,,NO,a963c02cbd91f6213fcf01c3ed1ec7b9,36002aac138101d85232b560a0e864d3,142925685,553333313
Laberinto de agua - BS,,BS-LAB,,SKU-994591,NO,prod_muoepyu7i0wrnf,var_muoepyu767hu7r,370988767,1608987994
Laberinto de bolita con luz - Ñu,,ÑU-LBO,,,NO,26ed1bf046cfb553aa340f8961badb75,cc625676b1b20f521c3cafeefe09a9e9,284718566,1274888039
Laboratorio de colores - Arrugadedos,,ARRU-LA,,,NO,c5f1b0f981e0ce08f7e0844320555c91,0588b714c4ed344743db0cd31357f8e2,55456407,152368020
Labubu disfrazados manta - Ñu,,ÑU-LDM,,ñu-ldm,NO,2322aa94692cf11741653567d4edade1,72b31cf11e5ecae65a4560f4b82e3740,284754150,1274989025
Labubu Llavero - Ñu,,ÑU-LB,,ñu-lb,NO,8dc0e87ac756af315704acfcc2fa77f7,c151b7bc4011581705d3121cbe99e01c,277475314,1239983127
Labubu Llavero Sorpresa Con Luz Y Sonido,,ÑU-LS,,ñu-ls,NO,24020ae23b74dbe19f59c6e826e20f8d,8403df180cf8f7427e7ac257adf72d51,277470380,1239963431
Labubu que respira - ñu,,ÑU-LR,,ñu-lr,NO,270f9a89d0f536f5755fc6878f0fde7c,2a1cc3e10a7b3d2c19f83d12c6aee124,277494796,1240104720
Lamina con diamantes 21x25 - Chin,,CH-LD,,,NO,7852c9de26e11b824017fa42068ff261,7f6c39500ccc62b0784f547b28a1818d,249759658,1100833031
Laminas plegables 360 - Mil mundos,,MM-LP,,,NO,bbec8207047be1ad0dc934c936fe8b44,2eb0174add0feb765380ac23808a5ef9,147739996,566968172
Lampara Labubu - Sol,celeste,6973295330579-CELEST,,,NO,68c84e89d97a0d19a1a6afc3ee7159cd,fabf9caa6e7aae88672a324bfdbc4972,263684520,1169559960
Lampara Labubu - Sol,Rosa,6973295330579-ROSA,,,NO,68c84e89d97a0d19a1a6afc3ee7159cd,0e9f225b424e235b5a32e55b7c1db824,263684520,1169559962
Lapicera Cabibara con globitos - Sol,,LP-CG,,lp-cg,NO,0b9bac2adadbfe8456bc10ecc8d69b09,ad999364b5f1338522e49c5822077027,253291265,1118658387
Lapicera de Capibra - Chin,,CH-LPC,,ch-lpc,NO,5493693cc405b9ae9169e000afddbe6e,def6af0d9ceec241bd7b033b169fbb77,249600348,1100030952
Lapicera giratoria Kuromi - Chin,,CH-LPGK,,,NO,78b9e5d334ec56a1da4c729627fd3607,c8e5c4f5ae8bf321864367f368c332a6,249597306,1100008208
Lapicera Kuromi con globitos - Sol,,LP-KG,,lp-kg,NO,36cb9446703568b0d15807389d80ae01,bc78ef0c091da766b1e2873d95ee5ca7,253291304,1118658541
Lapiz con spinner - PSF,,PSF-LS,,,NO,6f19e43371d7cf72c5c162a57a3d4587,ba024dda446db7c75c354a98acdbcf5f,237534046,1042156402
Librito de tela colitas - Ing,,ING-LTC,,,NO,3005a8ab2785031db396483e3de71c2e,fe0b588a231b8ae7fa320cb97581b991,279151519,1247703127
Libro alto contraste blanco y negro - Ing,,ING-LCBN,,,NO,0744de951010f6314b157409fb3edc62,422c9dbc6b053035029bafd8f5b9b4ed,275491788,1231155475
Libro alto contraste rojo - Ing,,ING-LCR,,,NO,9e33fa0a5302b537f53cd644a65078f5,d661e3fb6de6faf7b7326494504f5d68,275489668,1231148529
Libro animales montessori,,CH-LAM,,,NO,85bc89c44cd8eb26fc64238ebbff5a36,6c5419862c8f2397b244bb3a43f8319a,259598130,1482007319
Libro plegable alto contraste - Ing,,ING-LPA,,,NO,393246096bac03c85f060874208d000e,25f4de04404670f1527e97d2d1160147,279150144,1247697444
Llavero peluche de capibara - Mei,,MEI-LLC,,MEI-LLC,NO,9bcbf974e24150b4c1d359e1e33ef9d4,018017f9c26bd40ed9039b2e0172c79f,249578880,1099928042
LLavero tecla individual,,BS-LTI,,BS-LTI,NO,prod_muof5l1otcim27,var_muof5l1opuiw0i,370994779,1609005276
Llaveros - Sol,,SOL-LLA,,sol-lla,NO,29490b36e90421870bd5952e2d249604,9e92624bb4578cca92e428398233fa67,276350338,1234952026
Lunchera basket - Footy,Azul,7792621129460-AZUL,,,NO,e78d98c9aee318e7c10832bdab82b4de,5940213636b51615a2cfd02a6d6cdcdd,151350159,590060394
Maletin de maquillaje stitch - Ñu,,ÑU-MS,,,NO,533892d1b995764fed24cbca7c9504b8,b799b2284d151320764f4c899808cead,272172197,1215676604
Manta de apego ardilla - Amiti,,AMI-MA,,,NO,5b999422604e49aefb24e6f183cb90f2,5492bd335bd95d3e11740410c207a5ec,127978260,500089340
Manta de apego chancho - Amiti,,AMI-MCH,,,NO,11baacf0dc7db8c6d18f518db5f6dc6f,9571d2723ce33fa47cf1731ffcbf072d,142722682,552845195
Manta de apego circulos - Cutie buddies,Oveja,818980015439-OVEJA,,,NO,d8d0da1488b6ac4783f1e59b4ca52371,f425598586781ea6e6f5ea1ea5af076b,173519595,660980183
Manta de apego circulos - Cutie buddies,Gato,818980015439-GATO,,,NO,d8d0da1488b6ac4783f1e59b4ca52371,cdf99e6dbfe6131453b9d7ffbd6e8853,173519595,660980190
Manta de apego circulos - Cutie buddies,Pato,818980015439-PATO,,,NO,d8d0da1488b6ac4783f1e59b4ca52371,73cc0747e7539dd9219f2b667e34c53b,173519595,660980186
Manta de apego conejo - Amiti,,AMI-MCO,,,NO,4f1418c84c93311739ca9ac1f999484d,1a273fc4477f237a776135c117b02a85,127978082,500088539
Manta de apego Elefante - Cutie buddies,Rosa,815787025166-ROSA,,,NO,fc1867b06429b1cff03a415416946890,d4858f2cc174f781511229b626b269d7,149554568,572134475
Manta de apego Elefante - Cutie buddies,Celeste,815787025166-CELEST,,,NO,fc1867b06429b1cff03a415416946890,8f090e67abc8e08242e88a711251bbb2,149554568,572134477
Manta de apego jirafa - Amiti,,AMI-MJ,,,NO,584d492d980f3a137a26a792369dda7d,286fae5a8f41bf43e823a29312247d46,127980029,500096284
Manta de apego leon - Amiti,,AMI-ML,,,NO,da9026d716645db2f09acf89e2692b32,e9e6bc9c71243054a79acf8c7a73da0b,127978197,500088929
Manta de apego mapache - Amiti,,AMI-MMA,,,NO,b7cfe91715793e30f3ee4b17b63cb3e5,2767a886f4fbbaf82ccfd49f431cbdb0,127979755,500095385
Manta de apego mono - Amiti,,AMI-MM,,,NO,6ac81220142f371591c4e9f39a9abbfe,fe1bd8fdd9f4a74e9ac82df3e5f6440d,127982334,500104427
Manta de apego oso - Amiti,,AMI-MO,,,NO,cd15518a363624de028f2280efc8bf87,23061841d8d1183b61f74644296afb1d,142722596,552844843
Manta de apego oso - Rosaura,,RO-MO,,,NO,4c11ca0d7e50156571a427a2d9195b4c,d261f8122644bcde678706a244cbfdc4,222630696,980151571
Manta de apego unicornio - Amiti,,AMI-MU,,,NO,c0ced5a87f556da7c0bcabbffa0ced11,51be09d4c96251ace3d978946e332a0a,127979646,500094813
Manta de apego vaca - Amiti,,AMI-MV,,,NO,b457228006e3a98bfb167990c9c437c3,689abb16ff1ac45a8cc7bf0fd6d6fa36,127977798,500087397
Manta de apego zorro - Amiti,,AMI-MZ,,,NO,433e9d0ce4caeff58240b1a3986a20af,639708bf944a89b7bbc08b036a0ec9cc,127980226,500096917
Maquillaje glitter individual Argentina - Pintafan,,MA-ARG,,,NO,662ec256638ccce5c3cd2ccaacf095c7,f5b266cd6d7a19e4e1130924396ae861,137942964,535845089
Maquillaje Pinta tu pasion AFA - chin,,CH-MAFA,,,NO,bf457bee23fc3577b74132ebe99751c7,eeb1ae49bf1d339aabfb93476d08f312,351611519,1546759791
Mar de Esponjas - Arrugadedos,,arru-espo,,,NO,d07025ed78732297330525ca313cb982,738517edf89f85c56fad2621d129f07d,67147993,233940419
Maracas cromo - Minimentos,,MM-MARA,,,NO,2192612e2eefb522975245a18e06c1d5,c8640021bcbb8d5148b7a31cc78703d6,142949705,553405840
Masa Set de pasteleria dulces diseños - Play,,MA-PD,,,NO,57c7756a2670fd4f1577753a99e58544,975a2d605f84e407bc88bdcf25c6888c,358876578,1569405602
Memo Argentina - R3D,,R3D-MEMO,,,NO,065efb51e47698d3a384bc66bca7a887,2c2b5d05c2d2704ded9977fb714d3951,342490524,1519491108
Memo de madera - Blanqui,,B-MEMO,,,NO,89296e3e44a53ccc3aa214ca980c9915,3158768c50a6e0b0c81efab7c302f480,111888867,1493984747
Mesa con dos banquitos conejo - El taller,,TR-MB,,,NO,dc7e3b29b73f1b4a9323f49b1007bdd5,0020cbd86df75e594ad11f9742d237e4,213244287,933814486
Mesa de dibujo - Nuyi,Gris vison,NUYI-MD-GRISVI,,,NO,8e48d6b17439499595e1076f39987681,4cb19ec36638143397cf06b89af22ff3,212987392,930568889
Mesa de dibujo - Nuyi,Rojo payaso,NUYI-MD-ROJOPA,,,NO,8e48d6b17439499595e1076f39987681,40124a598bdc820942a9644793bc9439,212987392,930568891
Mesa de madera - AYG,Rosa,AYG-MESA-ROSA,,,NO,a9669edef2782ce088ca57fd2e61507f,0c70e6544153075577b3fc46d23cc536,134530886,525757526
Mesa de madera - AYG,Verde,AYG-MESA-VERDE,,,NO,a9669edef2782ce088ca57fd2e61507f,f2916ca0accd3f9e3a3728635d7898e0,134530886,525757529
mesa de madera - jesus,,JE-MESA,,,NO,acfa585b3fd4c638b34c643236c8b9f0,3e4a8a29a62d272414d66ac5cfaff621,192620416,774950598
Mesa didactica 5 juegos - Pampa pua,,PAM-MESA,,,NO,80967e13d5a5d781ddcaab9c18d179a5,072a341a0af428373e06d2de916c1565,171487481,651073080
Mesa montessori - RA,,RA-MM,,,NO,f7b4bc2f4dbf5efc67bed15af020cc7b,44ad7b56c7cab519c5c60dc53c1dce74,146217657,562272391
Mezcladitos caja de madera - Clap,,CLAP-08,,,NO,10e5bea90fbdbf3724cc27c3d867d5c7,e81c6183829ed0faa7a469e4b779d333,55995380,1496945022
Mi auto nuevo - Kiwi,,I-MAN,,,NO,bee3defed7fe8ad6a9ce9d86cddeb44b,153c85e7b8b3d0ef66499c3e19c26d0c,119974363,465534096
Mi jardin flores arte -Comarca,,CO-MJF,,,NO,c4560c128d309a6b4c906a01315f4963,d17b67375ad578e1f8fb7cd7c91bdcf0,126342240,493008970
Mi jardin mariposas arte - Comarca,,CO-MJM,,,NO,c60568578d735570fc61f82d50772576,29c637fe8f7ae69b85f062aacd56f471,126342175,493008808
Mi pequeño artista valija - Colorearte,,C-VALIJA,,,NO,5f6bfc0528ba540180c27d1e944797ae,58c6ec1d629b172d2b6dd45f20c2aca2,49483829,132828841
Mi primer juego de ciencias - Didactica integral,,DI-MC,,,NO,52902f20cf89184c22ddb0378d683d7a,e4f25cc6632500f9c4ccfbebef523c42,171978150,653365267
Mi primer kit de huerta - Manos a la masa,,MANO-HUERTA,,,NO,ec6e5590a598be7afcaddbc0ad16e75f,769887fb099b683eb32f04d56e8e8e9d,346946176,1532651153
Mi proyecto en crepe - Comarca,,CO-MPC,,,NO,74b1541bfef022dfeda4a458f4acb124,b4e1c684e6fc5055ae2aa1745faeffdb,126342132,493008646
Mi vehiculo arte - Comarca,,CO-MV,,,NO,8739e46cc31510b5deed553d97bca0f3,bce2e4554a592bfa8f90a89c0f6630e3,126342351,493009251
Mini Libro sensorial a bañarnos - Kiwi,,KI-BAÑA,,,NO,2a265ce566fa5a29c45ccb6102747b55,52bb5127d197c37be4a32dfbbda784be,168940154,639095107
Mis roll-on - Colorearte,,C-ROL,,,NO,6ad39f0d42bfab4910fd40f05aed0ace,a481bedfb2d4cc84d3bff0ef215f09a8,49484867,132831740
Mochila 12'' Spidey - Wabro,Rojo,7453002803743-ROJO,,,NO,c9696ca0ff5548147d15f8843590418b,4b0cda8552641683eb88d60f114075c1,155808717,590066266
Mochila 12'' Spidey - Wabro,Azul,7453002803743-AZUL,,,NO,c9696ca0ff5548147d15f8843590418b,7628f02ed66b913427268e6eb89f745a,155808717,590066270
Mochila among us espalda 18''- Cresko,Rojo,092626519875-ROJO,,,NO,071560b366ccf6913b502e47ea2f4d65,26786d2b21d018b8874483ece15d350e,109032810,425489485
Mochila among us espalda 18''- Cresko,Azul,092626519875-AZUL,,,NO,071560b366ccf6913b502e47ea2f4d65,6424c97f737d4967f37f03ca3c62e938,109032810,425489486
Mochila Capibara - Mei,,MEI-MOC,,mei-moc,NO,84546d78d19afbcd978a967eb7d07da7,c4eff7068c03abae1500d77b6be4749e,249555691,1099853706
"Mochila carro dinosaurios 12"" - Cresko",Rojo,092626520970-ROJO,,,NO,cb8af1345a11db082ba30b7470104472,8083e1590990d76f39af99bd98317f0e,108651719,415918449
"Mochila carro dinosaurios 12"" - Cresko",Verde,092626520970-VERDE,,,NO,cb8af1345a11db082ba30b7470104472,5c066b70410a9be298525ef81abd7165,108651719,415918451
Mochila carro Foil 18'' - Chimola,Negro,7798218140191-NEGRO,,,NO,9e0df38ab945f8c203b83c98752d752c,13b9f95fe14e2370f9e319271b08b9bf,254165148,1122333104
Mochila Carro joystick 14'' - Footy,Negro,7792621128227-NEGRO,,,NO,7eb033cf2b385d8f9cf961fcc29fec8f,840f128ce406bf90243255a9384e0b03,155223455,587952443
Mochila Carro joystick 14'' - Footy,Rojo,7792621128227-ROJO,,,NO,7eb033cf2b385d8f9cf961fcc29fec8f,896561c971af19bf4490acdd9dc29861,155223455,587952445
"Mochila carro pelota 3D 18"" - Footy",Negro,7792621128425-NEGRO,,,NO,bbc8a9bdf542ab02307c01532488c208,499f033c37f8038093531978d45823da,144931478,558869174
"Mochila carro pelota 3D 18"" - Footy",Azul,7792621128425-AZUL,,,NO,bbc8a9bdf542ab02307c01532488c208,5ffa46b5b3b4eb4ad1f58d7dd5b014f0,144931478,558869175
"Mochila carro pop it 18"" - Footy",Rosa,7792621128500-ROSA,,,NO,64dac9e97fac41f5796bd2a2774192dd,183930388c4dbffb9798ee69fcccfab4,144944564,558904851
"Mochila carro pop it 18"" - Footy",Violeta,7792621128500-VIOLET,,,NO,64dac9e97fac41f5796bd2a2774192dd,7e43afaa9a91c9717d82acb927390ae5,144944564,558904854
Mochila carro street 17'' - Chimola,Negro,7798218133445-NEGRO,,,NO,282cb00bbb16c812e7839f990599be31,d1572fedec260bd9c1c33491edf3f6cf,150434645,573604526
Mochila carro street 17'' - Chimola,Amarillo,7798218133445-AMARIL,,,NO,282cb00bbb16c812e7839f990599be31,6f289842de0caf098710bb88602dbc1f,150434645,573604528
Mochila carro street 17'' - Chimola,Azul,7798218133445-AZUL,,,NO,282cb00bbb16c812e7839f990599be31,d444a4b3a8445b02be2b03a740df7d96,150434645,573604530
Mochila carro street 17'' - Chimola,Verde,7798218133445-VERDE,,,NO,282cb00bbb16c812e7839f990599be31,98421f608f8feb0057193cbf4eb425b7,150434645,573604532
"Mochila carro unicornio 3D 18"" - Footy",Negro,7792621128586-NEGRO,,,NO,716c647882bc5d4b5c090001f72f3139,67b5f8ec8bd69ff4bfb2cdc2455c6e7f,144947615,558916253
"Mochila carro unicornio 3D 18"" - Footy",Rosa,7792621128586-ROSA,,,NO,716c647882bc5d4b5c090001f72f3139,a452c05f7704b275fe754eca86b1dd0d,144947615,558916255
Mochila de Capibara - Mei,,MEI-MOCB,,MEI-MOCB,NO,61612dca9bf78e6d5d99056fe99b9770,2e0c1169258694e9ba4f9807923ea88e,249575828,1099920191
"Mochila espalda 18"" Kuromi - Sol",,CH-MK,,ch-mk,NO,672a821364b05dd4e00d0b94029b3611,0393b982dae1f2e8a42cbc42ada891d9,253287417,1118641125
Mochila Espalda Basket 3D 18´´ - Footy,Azul,7792621128449-AZUL,,,NO,d306c0c7386501f1086795611db3f617,772add85121806af9bf46ae516e7f8b1,72942539,558900147
Mochila espalda batik 18'' - Footy,Rosa,7792621134761-ROSA,,,NO,cd2e98f8dbd4af01fa646f61ea724898,92bdca15eaec185198051b5f52e488f7,109048915,588008476
"Mochila espalda nombres 18"" - Footy",Unicornios,7792621081263-UNICOR,,,NO,d8839ee02dc2265d8c78b833389ccbd3,a7ac5d7fe0381fa207d73877d3a35037,72885451,416781351
"Mochila espalda nombres 18"" - Footy",Panda,7792621081263-PANDA,,,NO,d8839ee02dc2265d8c78b833389ccbd3,d8bd492a9fa67c174c8dc8abea82a39d,72885451,416781353
"Mochila espalda pelota 3D 18"" - Footy",Azul,7792621128401-AZUL,,,NO,56332b3a0e5aa19b79989b523993232f,5c0aeff750697a3225a274a5f7fd73dc,144937478,558889483
"Mochila espalda pop it 18"" - Footy",Rosa,7792621128487-ROSA,,,NO,e26f760d0e42aa3ca5e884c6ae2c209b,3777e86c52d014288c43bd97427e25ca,144946100,558911489
"Mochila espalda pop it 18"" - Footy",Violeta,7792621128487-VIOLET,,,NO,e26f760d0e42aa3ca5e884c6ae2c209b,070ae5051e719a4018e13d84bfafc510,144946100,558911490
Mochila Espalda Stream on 3D 18´´ - Footy,Rojo,7792621128081-ROJO,,,NO,be5437a1d3eaf5cf8911cbfe3e97272c,785297c317f7eb742d991fa5ee93d6ae,149804227,572479118
Mochila Espalda Stream on 3D 18´´ - Footy,Negro,7792621128081-NEGRO,,,NO,be5437a1d3eaf5cf8911cbfe3e97272c,39df470eb057337ad66f251a485ffcfd,149804227,572479117
"Mochila espalda unicornio 12"" - Cresko",Violeta,092626513149-VIOLET,,,NO,f37168bdfd2d71c95c804f34c0e02caa,2c256ace657ec51c215643f3a5e56d34,108650781,415915300
"Mochila espalda unicornio 12"" - Cresko",Rosa,092626513149-ROSA,,,NO,f37168bdfd2d71c95c804f34c0e02caa,ed5244eac74f16e31889fc0f809ba35c,108650781,415915301
"Mochila espalda unicornio 3D 18"" - Footy",Negro,7792621128562-NEGRO,,,NO,b184a3cabb07889f1d4a27416a13b2fe,6cf150243f3efb131fb9531fbf99600b,144947916,558917180
"Mochila espalda unicornio 3D 18"" - Footy",Rosa,7792621128562-ROSA,,,NO,b184a3cabb07889f1d4a27416a13b2fe,2a0bfd7893a592dba49569456ad7f74a,144947916,558917182
"Mochila My Melody peluche 14"" - Sol",,CH-MMM,,ch-mmm,NO,73fc88ab9292b8221a2436b2c31f2f47,4a302885a91f33be72d066511cb2e78e,252139741,1113724615
Mochila Paw patrol 3D 12 '' - Wabro,Marshall,7453002801961-MARSHA,,,NO,0346ba6a0b2f55df897d71fa83b8913e,a6c99a86587a4d8c0f1fe0d2d154a183,109053980,417476991
Mochila peluche capibara correa regulable - N&A,,NYA-MC,,nya-mc,NO,a2ccf2903f0fd58a8c5f53bee6f92bbe,ddebc80c04b512e14683b3b94c03a87a,254292449,1122878147
Mochila sonrisa Mundo dino 12'' - Cresko,Verde,092626520987-VERDE,,,NO,a24cef61d791822a041c1c46de497b9e,dcac0ed656a53dbb4b82caef597e7c01,109426621,418927607
Mochila sonrisa Mundo dino 12'' - Cresko,Azul,092626520987-AZUL,,,NO,a24cef61d791822a041c1c46de497b9e,753c23ac5dbc74f994ff65ac5366f29e,109426621,418927608
Mochilas de Sanrio - sol,,CH-MSAN,,,NO,f2ddc18f1c6bf32311902dd3d04aed66,a2aad140b7d2dea0285879e31bc34021,253301145,1118692907
Moises para bebotes - Lau,,DN-MOISES,,,NO,bfc14adc2d8e1b39bd6212054058579b,af7e4a8d61cf357c31807db6eafa8189,95018512,361220991
Monopatin 5 en 1 - Scooter,Rosa,REY-MONO-ROSA,,,NO,fe3dd9f1d85e51b3df97dacabbd4926f,abd02681d7f8cd409ef9844f000b974f,107815241,412691896
Monopatin 5 en 1 - Scooter,Verde,REY-MONO-VERDE,,,NO,fe3dd9f1d85e51b3df97dacabbd4926f,c60fbd72038ea6c9af02a455e592030f,107815241,412691897
Monopatin 5 en 1 - Scooter,Celeste,REY-MONO-CELEST,,,NO,fe3dd9f1d85e51b3df97dacabbd4926f,0414a0a1448591d518f6b04373fe64b8,107815241,412691898
Monopatin plegable - base xtrem,Rojo,7453077220377-ROJO,,,NO,7d7a9b70dd07aef29b3f58c19abc462c,1cfa9ee2e47bbd21f74956a8a8d09602,125659265,532758045
Monopatin plegable 3 ruedas - base xtrem,Rojo,7453077220353-ROJO,,,NO,dd72413c248f3f95d363a6fe92b66eea,931d53a07d54af241a6dad7cc4b3ca7f,191116644,767928401
Monopatin plegable Personajes - Blu,Azul,MO-PER-AZUL,,,NO,12d34ae7ed0d8557c2876ca827de199d,e1f87c5ce301391d29c5cc9fe1e29904,243274404,1068644886
Monopatin plegable Personajes - Blu,Rosa,MO-PER-ROSA,,,NO,12d34ae7ed0d8557c2876ca827de199d,92e04e9a4d1346b944b34ac5ddad4f1f,243274404,1068644894
Motion Sand - 1 Kilo,Azul,6952579112568-AZUL,,,NO,0099d1093ca36bf33ba351bc15bb5946,97d9080c677062cba1d132a0eb1b448e,88096672,335585344
Moto chopera a bateria - Love,,LOVE-MO,,,NO,308a028a3213460ea5f4a9b9e5ac07eb,f7fb962f548895c42be0c2d034a6e894,194286691,783450864
Movil 3 pajaros - Art show,,ART-MP,,,NO,b2d79530ad99baafaea8e4f2770459f5,d934771c60477f0c0355e9d8f1f8862f,106019477,405029578
Movil de pajaritos - Art Show,,ART-MOPA,,,NO,59a35783acb8a28c10e5ade3c3cb77fe,5ee59ed20d3034195e0914f85675f695,92098264,350393377
Movil de plumas - Art Show,,ART-PLU,,,NO,ed5e7cc23be7837b870b0c9e459c9ada,32711ab4c6a9002ba38e2c8ba9482023,94806294,360358569
movil de retazos con pajarito - Art show,,ART-MDR,,,NO,da5836789565800b9a737c10472d2433,138690373ba709a535caef055fb420b7,92097871,350392150
Muñeca Bailarina Lunares - Phi Phi Toys,Amarillo,815787028051-AMARIL,,,NO,e5edddab98f6a7af188e0962f078a5dd,0462d637bb907095d0ba69bf7aa9c42e,156921851,594556664
Muñeca princesa lovely girl - Roma,,RO-MP,,,NO,2bcab385027ce315d2719244c4203998,62ad12fef81eb50bb42bcbe224c9ccef,166373339,628744576
Muñequera capibara cola giratoria - Sol,,SOL-MCG,,,NO,45d7cc2265db0a138c74dd017b867708,076a5217fa616597354701786c157053,270958793,1210286937
Muñequera Capibara con Mochila chico - Sol,,SOL-MCC,,,NO,1348bf8debff4ce0e826c9cbc652655a,13df8534c30c369a141435535123f30a,276345023,1234929944
Muñequera Capybara con Mochila 15cm - So,,MT-MCM,,,NO,3886aa5e8eced5f8d239bfb1d7542b34,62835517db8fc8134168a5bc3c3abebf,263695346,1169611727
Muñequera Slap Capibara - MP,,MP-PSC,,,NO,1d9a3b7cdfdcb6f06b41640ece9684d4,23099799aed0e43ccbbe6ee81fc0d676,263696854,1169619741
Muñequitos - Liviano,Espacio,714604417903-ESPACI,,muñe01,NO,532a27a4e6dc94ba43226f6dda77268f,1f01cb35b89a3773b8e4fb31665fa373,90144952,343539581
Nena pitucas 42 CM - Pitucas,,PIT-NG,,,NO,90c42772e25ee97cd356ee3173b22ba0,ea6b9939ce759d8a6c1999819296da30,239843959,1053026826
Nena pituquitas 30 CM - Pitucas,,PIT-NC,,,NO,100a639aed4147d20e55c9aee3c0185c,7ad610d46709a3cf4a3f6bfaf5c9d1ad,239844533,1053028925
Nido de contencion Jirafa - Lucerito,,LUCE-NJ,,,NO,98e38aae4552f1a3de7a3dc972e95fdc,558d77c0898a7562dc32412030112ed8,105756668,404134295
Nido de contencion Zorrito - Lucerito,,LUCE-NZ,,,NO,3c8d721d45b0c10958ad18343d1d4eaa,64fa91c4594d8b475a062c09fb9c4bb3,105756608,404134070
Nutria que respira con luz y sonido - Cele,,CE-NR,,,NO,a7c803b21032ca9dbab587d0389d3540,9ae8dd6b37f8e1b86e81a9406f4a9baf,248953351,1096924454
Oso con proyector y sonido - Mi cla,,MC-OP,,,NO,f6d12ec27a4d638dcac26255f3f519c5,dd29393d37074093d2a033480f046471,224883007,990321080
Osos Musicales - Feli,,FE-OM,,,NO,8ed530034896184f3fe2b40e275cee2d,7253ba0bc9d33645bc25a9757f7aed6c,338179878,1503153783
Pack agenda visual diaria nena - Kupu,,KUPU-AVDN,,,NO,3ac64f9f71c5e7489b15b010618072b0,2df3bc6504f189aded49880ff0171fc9,242957220,1498202051
Pack agenda visual diaria nene - Kupu,,KUPU-AVDV,,,NO,74a093efcb9a93ef7657655d388d53b0,569cb0000622c2d69116b235437a18c7,242957182,1498203772
Paloma ropa de invierno - El duende azul,Negro,7799089005435-NEGRO,,,NO,6c67340e3e9772a9b4e04516c0eef4d7,e4cd96dc77d0b7f20d32c42fb125a0a1,92705938,352564591
Paloma ropa de invierno - El duende azul,Blanco,7799089005435-BLANCO,,,NO,6c67340e3e9772a9b4e04516c0eef4d7,7f3e8c8b59c623c8262d297db005f9d4,92705938,352564592
Pandereta cromo - Minimento,,MM-PAN,,,NO,e49ef566ea96acfac2d29a701aa41652,4504f20339e60ed9a985031a61bf82cf,142950155,553407017
Panderetas - Bambu,,BAM-PAN,,,NO,5557e8b8f9fa3b1933c4504731206c70,659b8874f816275c0c0f6755ac55ca91,55746156,153674580
Pandero cromo - Minimento,,MM-PD,,,NO,80edde3581e0e920a90124f06362ec14,927a566938dfc7f4f0b68b9cdcf09b6f,142930662,553347681
Pandero mediano cromo - Minimento,,MM-PDM,,,NO,f1e9af837d2db9936049387c6e2c994e,68eb07cd096d61b4f5ad3b8502d65846,214633419,939380347
Pantuflas Cry babies,S,7799035010643-S,,,NO,be29c448bbd90010f685810acb9ff542,1543eacbe2aeaf78890dd72956adcccd,81833009,646116369
Pantuflas Cry babies,M,7799035010643-M,,,NO,be29c448bbd90010f685810acb9ff542,cc760de42ebc0f20d06e23500c9c2be1,81833009,646116370
Pantuflas Cry babies,L,7799035010643-L,,,NO,be29c448bbd90010f685810acb9ff542,63f416df8e578b2e8de8751de4b312f9,81833009,646116371
Paragua Guerreras kpop - Gab,,GA-PGK,,,NO,22f05de564bec79a74605b40026f6a06,2a6fda1636d8bafbfd8a49525c151b86,367395839,1596685618
Paragua Minecraft - Gab,,GA-PM,,,NO,0eaa9eb80915e43912cee25e63a73129,9cc10e5aa5fbde26de17e7be349ef63b,367395764,1596685203
Paragua Snoopy - Gab,,GA-PS,,,NO,2186d1a6422c82b834f4b41d1002b5ab,80583179c3f1ce670ade8c6be927ae99,367395578,1596684619
Paragua Toy story - Gab,,GA-PTS,,,NO,a651daa2965779d40fb34f538b9b94d9,30e13d6056845d30c6f0195454e28a22,367394153,1596681479
Paraguas magico - Colours,Espacio,5993102260456-ESPACI,,,NO,621d210df30c3de5506ba830a368bf01,3420171bae4e4cb90abc2663adbfd9da,215958976,945488127
Pastillas para el agua x 18 - Arrugadedos,,ARRU-CA,,,NO,13c9c51160b003386493058489d954a7,7b9507be201695deb2460056094949d2,55447916,152340184
Pastillas para el agua x 3 - Arrugadedos,,ARRU-P,,,NO,1fc541c2e585567bef8e8f4521720d80,4f6ac1b011e11398b803572770c8ef28,55448019,152340524
Pata pata conejo - Nuyi,Gris vison,NUYI-PC-GRISVI,,,NO,03bd7dbe47d43525494a445481f80db5,609556d2f1739e4f56f19dc7bb079603,193468908,779513527
Pata pata conejo - Nuyi,Marron siena,NUYI-PC-MARRON,,,NO,03bd7dbe47d43525494a445481f80db5,dd6148f0c2b976f85c43d7c83cff03c8,193468908,779513531
Pata pata Gata - Nuyi,Gris vison,NUYI-PG-GRISVI,,,NO,f47e78ee7a132b55982f7181cf33e9ab,7c7086ee430d31180d9d9c9643441323,193470492,779519844
Pata pata Gata - Nuyi,Marron siena,NUYI-PG-MARRON,,,NO,f47e78ee7a132b55982f7181cf33e9ab,a21e722339a32e551f79dea6d50768c4,193470492,779519845
Pata pata Gata - Nuyi,Rojo payaso,NUYI-PG-ROJOPA,,,NO,f47e78ee7a132b55982f7181cf33e9ab,1cc397e287c013d5355086613bbbec1d,193470492,779519847
Pata pata salchicha - Nuyi,Gris vison,NUYI-PS-GRISVI,,,NO,8a3f9688d83ef5baca23ffb0d97db6ee,a1994765505c7d42e9bb214e708090fb,193470048,779518278
Pata pata salchicha - Nuyi,Marron siena,NUYI-PS-MARRON,,,NO,8a3f9688d83ef5baca23ffb0d97db6ee,c004937b205a1dccb7e2224e1ea87f1f,193470048,779518279
Pata pata salchicha - Nuyi,Rojo payaso,NUYI-PS-ROJOPA,,,NO,8a3f9688d83ef5baca23ffb0d97db6ee,adb47eb930ebe4a85847389ce3285643,193470048,779519256
Pata pata varillas - RA,Blanco,RA-PP-BLANCO,,,NO,131ce006d118db6e4070178c87f31c11,c29ae93eb224df3e8bb89e314856e29a,146174729,562145927
Pata pata varillas - RA,Rosa,RA-PP-ROSA,,,NO,131ce006d118db6e4070178c87f31c11,104e1d94b65c8f08cc59ebd1f1113c66,146174729,562145928
Patin teen ager - Yoyo,,YO-PATIN,,,NO,627df9ede4fc151ed89d44d5469b6fb3,0156b962342c605d0064e64ca671ad85,71602064,265060081
Patines Zapatillas - Isakito,30,7798347378502-30,,,NO,d404ef529581fe6a52655d49fdc22587,9babdbc8cd5e5fe2374659f12ccac7f5,133674465,766029098
Patineta 78 CM - Good toys,,ING-PATI,,,NO,445f2ca441adc304225f7724e95d12f5,a0e42f3de10ddc2a6a1c3ab26c7679d9,94737106,360104220
Pelota cara Messi N2 - Chin,,PELO-CM2,,,NO,26237ef3d8ffba66a9595032806476e2,644763aafa3c92270f1b9ad7dcc0613b,247210119,1088160833
Pelota cara Messi N5 - Chin,,PELO-CM5,,,NO,c013427b8b7c3e4236beb0c8bb176625,1fc70c39762d6156ff728905c51d07f2,247207420,1088153532
Pelota de basket - MI,,MI-PB,,,NO,f0263da03edf51b21db03334a1812495,57079e780452244350e153c4adcb25ae,179677658,692747731
Pelota De boca - Chin,,CH-PBOCA,,,NO,bb73daf4934c395d2246e8c1b0ff78d1,0047a288917aea7ec93158c7fcfec533,241538121,1060448796
Pelota de futbol goma - Macu,,PELO-MACU,,,NO,deefaac6012fcf04f37d1a0586dd79a9,49cfd69a5dc77aab36e5a954f6789d90,196202413,793171736
Pelota de Futbol N5 FIFA,,ING-FIFA,,,NO,1799edc63fb84cda950cb4ce1d7df2ec,56e4d2a876652d0fe01ac063ccbf4288,350389343,1543016855
Pelota De River - Chin,,CH-PRIVER,,,NO,55c7f57ec29d889d076491ecc6f17661,7ecab7e6f78fa63d75d50db07b306dcc,241538161,1060448971
Pelota De river N5 - Chin,,PELO-RIV,,,NO,b96baf40ec24bfa8349ed2d5d67b5022,3a3c24da3b389441415b758bdf62e0e3,307508686,1366482134
Pelota Messi inter - Chin,,PELO-MI,,,NO,b266b89d0e702494397dfd333ace0a03,301b1ed46ba5f3cbca01ffe8ec8443c1,244914385,1076176902
Pelota montessori 14 cm - Lucerito,,LUCE-P14,,,NO,a3d4f7baffbb6d4cfae24bf4af73d0d0,b0b7b079170f4e579ea8dcbade95e870,105756406,404133294
Pelota montessori 18 cm - Lucerito,,LUCE-P18,,,NO,f71787d7b9b41443ecf7a68ed5114e2a,4c584d7418392777003251816540b981,105756362,404132907
Pelota montessori 22 cm - Lucerito,,LUCE-P22,,,NO,163ec55f7c6c8ac9836640c8e70f79a5,c7227d59ae55594b2526715a9b0f8ce7,105756301,404132658
Pelota pulpo N5,,PELO-PUL,,,NO,183217008e3f5e8cf9b5e3c7358c92cb,8187138aafa294befd7ba6f699171a22,132506656,519110787
Pelotero basquet - Armadillo,,ARMA-01,,,NO,9ab969e7d3441a663825dd6e5ef615ff,090f5fd57220d50015302923154a2d12,58330557,170228674
Pelotero Cabaña - Armadillo,,ARMA-06,,,NO,b88ca099c48e53bc4449c194257aa4f2,5d9d736a5aa19c08441702e31578ec99,58332001,170235745
Pelotero Cabaña alpina - Armadillo,,ARMA-02,,,NO,dd89bc565516147766131e7b0211f3b5,f1a05865298898c4c1f54498b2b83bc5,58332217,170236382
Pelotero castillo - Armadillo,,ARMA-05,,,NO,945491c477199398f0b5af7c1004e57c,f0e5c0e8c330c73fc948778011dea2f0,58331020,170230609
Pelotero Indio - Armadillo,,ARMA-03,,,NO,46323df9805dcd3dfca08f1a675927fa,2d8e4e8d217115868f68c021262c2652,58330854,170229787
Peluche animal ardilla - Amiti,,AMI-PA,,,NO,6aa54683c3b8f21d48b86589794d36d1,b8bd7c6a07899c293ee94c415f1fe78b,127974949,500078791
Peluche animal chancho - Amiti,,AMI-PCH,,,NO,434a23adc679bdd43780a86b20027231,4a9fb71f7207554eaecc27a27734cc07,127973686,500074562
Peluche animal conejo - Amiti,,AMI-PCO,,,NO,73109ba1f1c3723a0ea44b26c6102e1b,0612841e4fde9ce3c8d3999bc606392c,127973924,500075191
Peluche animal jirafa - Amiti,,AMI-PJ,,,NO,3c82eb7cc3fb326dc6bfb771534c7ba4,e77f348a6b0e5555e6aa612ad228d769,127975997,500082224
Peluche animal leon - Amiti,,AMI-PL,,,NO,117dac77bab5d73ab6137f03156709c6,ef95ba59115c681d5f6e2c133e5605a8,127974602,500077692
Peluche animal mapache - Amiti,,AMI-PMA,,,NO,4cc6b4f2bce2522250d3c7654534b0f3,1649f562fc771975a255036e6beec10f,127975798,500081378
Peluche animal oso - Amiti,,AMI-PO,,,NO,dc2f9e7320dbb71a1f5807d63aff786a,305f514fa4e020b6062bf98248a9c561,127974362,500076637
Peluche animal unicornio - Amiti,,AMI-PU,,,NO,3c38280c9913ae50c09d77bac6d5c54b,32512cf3afd6ec2dd1f36701194bcb75,127975295,500079571
Peluche animal vaca- Amiti,,AMI-PV,,,NO,85b6ac724b0a1597316726633c2a96d0,25b5ab61cd793ae0a75ce1efca85d7ec,127973433,500073574
Peluche animal zorro - Amiti,,AMI-PZ,,,NO,6af7b128739496530f8fb12b22d62072,b249f7092c2335d1804452bed12e449d,127976162,500082824
Peluche animales 38 cm - LM,Oveja,LM-PA-OVEJA,,,NO,0b1535a83aee560788abee645d3f7b5e,8818abfe8bef4ee9d1edfddf95b25b11,130950525,513053809
Peluche animales 38 cm - LM,Raton,LM-PA-RATON,,,NO,0b1535a83aee560788abee645d3f7b5e,feb4ce823619366332805be191f51a43,130950525,513053813
Peluche animales 38 cm - LM,Pajarito,LM-PA-PAJARI,,,NO,0b1535a83aee560788abee645d3f7b5e,888f6ff18d48584426ebb70adb671109,130950525,513053812
Peluche animales 38 cm - LM,Conejo,LM-PA-CONEJO,,,NO,0b1535a83aee560788abee645d3f7b5e,2c967bb420692cced367587441e57ac0,130950525,513053814
Peluche animales 38 cm - LM,Elefante,LM-PA-ELEFAN,,,NO,0b1535a83aee560788abee645d3f7b5e,a81562517f1e234b42929fd3f5d606f1,130950525,513056023
Peluche animales 38 cm - LM,Mono,LM-PA-MONO,,,NO,0b1535a83aee560788abee645d3f7b5e,78e3f4e4ad197f699416a6f8174876ca,130950525,513056025
Peluche animales 38 cm - LM,Gato,LM-PA-GATO,,,NO,0b1535a83aee560788abee645d3f7b5e,df2f6b5e90ad6ffec862104b5fc04a36,130950525,513796339
Peluche animales 38 cm - LM,Zorro,LM-PA-ZORRO,,,NO,0b1535a83aee560788abee645d3f7b5e,87c578046ea2e6f40cffa4ec058df84b,130950525,513053808
Peluche animales 38 cm - LM,LLama,LM-PA-LLAMA,,,NO,0b1535a83aee560788abee645d3f7b5e,2a0d1d19ede80b5842a262fb80dd860b,130950525,513056026
Peluche animales bebe 17 cm - LM,Oveja,LM-PBB-OVEJA,,,NO,37fcb636e0e929e2748711c26bfe8f11,a1da573ac9f02e6387794aa164fb91f5,130951781,513056105
Peluche animales bebe 17 cm - LM,LLama,LM-PBB-LLAMA,,,NO,37fcb636e0e929e2748711c26bfe8f11,cba61af48e7b8f202b4be231554c3684,130951781,513056111
Peluche animales bebe 17 cm - LM,Gato,LM-PBB-GATO,,,NO,37fcb636e0e929e2748711c26bfe8f11,591a85a257d6c6e6a155d7b7de4b6ba0,130951781,513796256
Peluche animales bebe 17 cm - LM,Raton,LM-PBB-RATON,,,NO,37fcb636e0e929e2748711c26bfe8f11,6d2332596bd88237e9bb430ed50914f9,130951781,513056107
Peluche animales bebe 17 cm - LM,Elefante,LM-PBB-ELEFAN,,,NO,37fcb636e0e929e2748711c26bfe8f11,517dc2c7b1c2fb25906f30baf35f4e63,130951781,513056109
Peluche animales bebe 17 cm - LM,Zorro,LM-PBB-ZORRO,,,NO,37fcb636e0e929e2748711c26bfe8f11,6d3a818c92a577460e10bb5bd8501d7f,130951781,513056102
Peluche animales bebe 17 cm - LM,Pajarito,LM-PBB-PAJARI,,,NO,37fcb636e0e929e2748711c26bfe8f11,c9da080a582c408a7d327cd0df850f38,130951781,513056106
Peluche animales bebe 17 cm - LM,Conejo,LM-PBB-CONEJO,,,NO,37fcb636e0e929e2748711c26bfe8f11,575cefa9753a9e42dc545e698cee55b5,130951781,513056108
Peluche animales bebe 17 cm - LM,Mono,LM-PBB-MONO,,,NO,37fcb636e0e929e2748711c26bfe8f11,a080dacfaae088f6c1a706ae6d97d61b,130951781,513056110
Peluche animales squishy 25 cm - Phi Phi,Zorro,7799035087492-ZORRO,,,NO,1dc28c0948f2778f688e49f9b6c8678a,036e78c8b42578006c874d333e218668,176372487,674315183
Peluche animales squishy 25 cm - Phi Phi,Unicornio,7799035087492-UNICOR,,,NO,1dc28c0948f2778f688e49f9b6c8678a,0b70aad721d0aa1edd515d6e4c59123c,176372487,674315184
Peluche animales squishy 25 cm - Phi Phi,Leon,7799035087492-LEON,,,NO,1dc28c0948f2778f688e49f9b6c8678a,a92b1be7dac72509379eeee54c511a75,176372487,674315185
Peluche animales suaves 24 cm - Phi phi,unicornio,7799035096111-UNICOR,,,NO,e38d24cb07363b02b2f6e17087f872e6,7734ada87625ed3a5ceec959afda8ad5,149590442,572196398
Peluche animales suaves 24 cm - Phi phi,Perro Marron,7799035096111-PERROM,,,NO,e38d24cb07363b02b2f6e17087f872e6,16569e14eb728a83bb612eadf16d3e37,149590442,572196396
Peluche animales suaves 24 cm - Phi phi,Gato,7799035096111-GATO,,,NO,e38d24cb07363b02b2f6e17087f872e6,caa29c998f2811bc0fe35f48213274a4,149590442,572196399
Peluche Ansiedad intensamente 34 CM - Laras,,LAR-IAN,,,NO,ef9ed8cca8479db457b6555fd6dadcbd,ddbef70c5adc0153e0dbb9bf8ebb611e,246534802,1084611737
Peluche Big hero 20 cm,,CH-BH,,,NO,2411ab27da5527f1ae40fc0c3222875a,9a26d91f0dbf6d43aef1033e65b8dcb6,83216825,323537815
Peluche Bluey 20 cm - MT,Bluey,MT-BY-BLUEY,,,NO,7e6ca8387e29b3d45d9c5c7a180a11ec,3d6871e58cce54832694eb3059ea0dbb,173613905,878994684
Peluche Bluey 20 cm - MT,Bingo,MT-BY-BINGO,,,NO,7e6ca8387e29b3d45d9c5c7a180a11ec,09c245e830fd76a73cd37091135cc38f,173613905,878994688
Peluche Bluey 20 cm - MT,Mama de Bluey,MT-BY-MAMADE,,,NO,7e6ca8387e29b3d45d9c5c7a180a11ec,7f4b4999d097773cab555b457922d2cd,173613905,878994691
Peluche Bluey 20 cm - MT,Papa de Bluey,MT-BY-PAPADE,,,NO,7e6ca8387e29b3d45d9c5c7a180a11ec,c79ed990875fb1e7ddb54a524b33da4d,173613905,878994694
Peluche Bluey 40 cm - MT,Bluey,MT-BYG-BLUEY,,,NO,f5de05bcf3456d899757808595d764b4,fb1a181b700276e788356499975a9259,217850208,953492387
Peluche Bluey 40 cm - MT,Bingo,MT-BYG-BINGO,,,NO,f5de05bcf3456d899757808595d764b4,59d94bb6b434b107d73b2f2e30192834,217850208,953492391
Peluche Bluey 40 cm - MT,Mama de Bluey,MT-BYG-MAMADE,,,NO,f5de05bcf3456d899757808595d764b4,5961f0264e293d478564747fa979aa63,217850208,953492394
Peluche Bluey 40 cm - MT,Papa de Bluey,MT-BYG-PAPADE,,,NO,f5de05bcf3456d899757808595d764b4,80dbbf919ebd2760a704435855f7acff,217850208,953492397
Peluche Capibara 20 cm - Sol,,SOL-PC,,sol-pc,NO,f7df63c949857f83e03c9b8c15544b84,6b4353f8e739d6bbfea23d6648bdf1da,276350059,1234950130
Peluche capibara 42 cm - Sol,,SOL-CG,,,NO,26fbeb27303e9a22d5901e3a71454044,0546954d0d7be3194fc81d1d6f993efc,270953218,1210240488
Peluche capibara con sweater - N&A,,NYA-PCS,,NYA-PCS,NO,38b1c5509069ecd797c9da64d0537586,810888f512e26aade96794d5c875d920,254298109,1122895362
Peluche de Chimuelo - MT,,MT-CHI,,mt-chi,NO,66521cfe61a1a3eb687cf3705265dcbf,b12174519e391d5630d51eef6eeb0d47,245704971,1080026688
Peluche de Intensamente - Chin,,MT-INT,,,NO,ae642509119bac07dcbf1d7cc6d67328,f4fbf1b5c9e4e97a2fd0cf680ef32421,223464489,983614754
Peluche Desagrado intensamente 40 CM - Laras,,LAR-ID,,,NO,2b80dbfb24324956eac3d818b367b72d,26fe69ba8e8c1e3f447ac93c203f31cb,246534537,1084610798
Peluche Furia intensamente 30 CM - Laras,,LAR-IF,,,NO,858f3c56910561b4038815a94afaa2d9,e4ef03278f736f5dbb8310e906dd6ad1,246533479,1084607542
Peluche guante Avenger de Hulk (Por unidad) - MT,,MT-GH,,,NO,33c18794ab2cb5b1c5ce942817101c68,28aaf3352cf079260db4df8673e2a6ff,82895367,322506987
Peluche guante Avenger de Spiderman (Por unidad) - MT,,MT-GS,,,NO,2929cea93957824d8ac6c70f282c6a4c,aa8cf7dcb43ded4a8639283a3b16db93,82895682,322511226
Peluche Harry Potter - MT,,MT-HP,,,NO,fe7606d32cc424edd1ec688bd6876dd7,07b49dd60483242a087fe5e8853258d4,235238206,1033024583
Peluche Hello kitty 20 cm - MT,,MT-HK,,,NO,5a0cfb4824e9f7d15c04cdbcecf415bd,26b059ab708cde04df9e7296e6f2b675,203081333,845681046
Peluche Italian Brainrot - Sol,,SOL-PIB,,,NO,0c131e8aa0aeda225138f4349e53e870,9be46b6e227494520b2686a6533fb7e3,276338084,1234905810
Peluche Kitty disfraz de conejo - MT,,MT-KC,,,NO,4849e6b967a594c72b1129d17e9b9e0d,109a4983ff12020e6f01c9aaff1033b0,173613217,661513616
Peluche la casa de gabby box cat - MT,,MT-CGBC,,,NO,998f3346027a9cd952967f91f2c682e2,6b89fd780135a5b6ca37fbd736c55bc7,173626088,661557577
Peluche la casa de gabby Pastelito - MT,,MT-CGPA,,,NO,177114ba6dd5d6176d4a8c8ad7822aec,51c59cf0abbbda25e61a1e3afbded197,176286691,673943242
Peluche Labubu - Sol,Marrón,MT-PLB-MARRON,,,NO,702a363dec7528e74fc5b7f1a753988f,439d4cfd2c8b9853e59296b712257b1c,263669807,1169494621
Peluche Labubu - Sol,Gris,MT-PLB-GRIS,,,NO,702a363dec7528e74fc5b7f1a753988f,f04d293013a722787a4976beece2a593,263669807,1169494623
Peluche Labubu - Sol,Rosa,MT-PLB-ROSA,,,NO,702a363dec7528e74fc5b7f1a753988f,750c5bfc6747853c55fe864b3738761d,263669807,1169494626
Peluche Labubu - Sol,Blanco,MT-PLB-BLANCO,,,NO,702a363dec7528e74fc5b7f1a753988f,df37eb4dd2f287ad1b60d2d097a223f5,263669807,1169494627
Peluche Mario bross o luigi 20 cm - MT,Rojo,MT-MB-ROJO,,,NO,9ac366c46fa841a03b723b2c3a437df8,d2712f829f81ffe30c5caf2386d51eff,82914949,322619362
Peluche Mario bross o luigi 20 cm - MT,Verde,MT-MB-VERDE,,,NO,9ac366c46fa841a03b723b2c3a437df8,db020129b7e6c7350bd17db793d9a2c0,82914949,322619366
Peluche Mickey 20cm - MT,,MT-MICKEY,,mt-mickey,NO,275c44a301e6acae4c61f8a72241c8af,5d00a4444a3b93bd25b60bec862e6b6d,245660378,1079783812
Peluche Minecraft 20 cm - Sol,,SOL-MINE,,,NO,4c1b0b3dfd8dfeef6e388c012a52274c,1b1eca6616093b49b19e7210d36bebe1,270941332,1210162329
Peluche Mohana 45 CM - Laras,,LAR-MOHA,,,NO,09d4bed41ad078418f6a8602e6810e32,bcf7ea7cedf6f7faba56aa64b596d696,246530238,1084596574
Peluche nenas 38 cm - LM,,LM-PN,,,NO,b31eda545c67ce99fb894875277016e1,b61be22baeeb90af24c46e80a82d0435,130952784,513058518
Peluche perro echado 27 cm - Phi Phi,Negro,7799035081391-NEGRO,,,NO,d026aee0fee23f558b1d276d6188d051,f12618ab0428e3fc327302fe478138f9,171199998,649722056
Peluche perro echado 27 cm - Phi Phi,Gris,7799035081391-GRIS,,,NO,d026aee0fee23f558b1d276d6188d051,e5444f072e139413fcc058156652eeea,171199998,649722058
Peluche perro echado 27 cm - Phi Phi,Marrón,7799035081391-MARRON,,,NO,d026aee0fee23f558b1d276d6188d051,74a03b067fcbd031476f74062a975764,171199998,649722060
Peluche Pikachu Disfrazado 20cm - MP,Azul,MP-PD-AZUL,,,NO,0d9085d99f15949cd9a7dea756618287,ce179bd5898f8a395fe29c4200daac69,263701348,1169641663
Peluche Pikachu Disfrazado 20cm - MP,Rojo,MP-PD-ROJO,,,NO,0d9085d99f15949cd9a7dea756618287,3287effec1207b72d670eee1c382b4bf,263701348,1169641664
Peluche Plim Plim - MT,,MT-PLIM,,,NO,603814e3bbd6c8633f82d548805eb0ad,91c2e199e21967c08f15cb5d55354d72,235140961,1032720916
Peluche Plusharoo Bluey 25cm - Sol,Bluey,SOL-PB-BLUEY,,,NO,0e91bc64e54a0351dcabc87faa2d0ace,8aed61a2b8048d117a509a6421a63e53,276328162,1234865875
Peluche Plusharoo Bluey 25cm - Sol,Bingo,SOL-PB-BINGO,,,NO,0e91bc64e54a0351dcabc87faa2d0ace,031712d7c5d3b0caf8af4b2156b8602f,276328162,1234865878
Peluche Plusharoo Labubu - MP,Marrón,MP-PPL-MARRON,,,NO,b97cf42aba157b10b0e4d7fb39ce2296,d5cd7c3ebedacffa3911ae91eaa64c67,263680035,1169539624
Peluche Plusharoo Labubu - MP,Rosa,MP-PPL-ROSA,,,NO,b97cf42aba157b10b0e4d7fb39ce2296,28d27377e7145e3a33d35f1fc6d05515,263680035,1169539627
Peluche Plusharoo Labubu - MP,Lila,MP-PPL-LILA,,,NO,b97cf42aba157b10b0e4d7fb39ce2296,2b4d946b728a461354df6b207ec18f60,263680035,1169539631
Peluche Plusharoo Labubu - MP,Verde,MP-PPL-VERDE,,,NO,b97cf42aba157b10b0e4d7fb39ce2296,41e077dde4acd0f3b491ddc0b3e80552,263680035,1169539635
Peluche Plusharoo Labubu - MP,Celeste,MP-PPL-CELEST,,,NO,b97cf42aba157b10b0e4d7fb39ce2296,e30b817494da7140ce87df9a84172ffd,263680035,1169539640
Peluche Sonic 28 cm - MT,,MT-SO,,,NO,2981169563f40d0078d0fbce6c62432e,b011eca113e33250acf0f81dbfd7ea1c,82900794,322564800
Peluche Sonic 45 cm - MT,,MT-SO45,,,NO,654ad36b702c92494d500e4c7e35a1ae,6f04eb8423e68f191041a9c54b398080,310476038,1378013215
Peluche Sonic knuckles 28cm - MT,,MT-KNUCKLES,,,NO,b9d35ae9bee8c0f807f67b29f9d76e23,7ae03610e17e5014715764b8c0cb9cfc,122827365,478552421
Peluche Sonic Tails 28 cm - MT,,MT-TAILS,,,NO,4b72129655f2dfd0428dac84b5ac4234,8527efe69a44073807a29118a09a8a87,82902324,322572972
Peluche Sonic Tails 45 cm - MT,,MT-TAILS45,,,NO,2a6a5bcae7b2e7b3988d3bba3642d8c9,37e35e297d525c3df3702e07eb4f17ab,310476451,1378015001
Peluche Spiderman 35 cm - MT,,MT-SP,,,NO,f83a01917a0fd6d7ac37164a1a7b4e35,8f0a96335bb52758d16504641095796f,122846989,478627334
Peluche Spidey 30 cm - MT,,MT-SY,,,NO,ddd578eaba1b48be528934b7d7c7591d,5b53a60dcb7befa9a1fccfa00a567c24,173620263,661535888
Peluche Spidey ghost 30 cm - MT,,MT-SYG,,,NO,eb41d542e75af81fa06e8fb342755626,ce4203d3cc0404eba041071b83432ba0,173620343,661536167
Peluche Stitch 20 cm - MT,,MT-ST,,,NO,ede5a766e2e746a06ac16239f6f8a70a,05031e51a3b2ed1c75f7d99717e69e4a,203080779,845679996
Peluche Stitch 35 cm - MT,,MT-STG,,,NO,f7c060fe05040b92c6146eef9c7dd874,4f310dabf0d7da818fd5871ce9e8f571,217853153,953504389
Peluche Stitch Pato - Sol,,SOL-PSP,,,NO,176ae95a674c8e0c5bb2e470c3fe4802,c48abe25e9198a6c8d23aa5c8984922b,283878719,1270794318
Peluche Stitch Verano 12cm - Sol,,SOL-PSV,,,NO,fa7db0001478308d05b7a0e190cec03e,3d25c6a58a90fb5c188c7f6e817d6ef1,276332680,1234886780
Peluche Stumble Guys - Mt,,MT-STUM,,mt-stum,NO,01ea8b3ed2578a271c32ddc5a01005b7,62c7141b4d8872bade4f18b6f063921c,245652000,1079745585
Peluche Toy story Buzz 46 cm - MT,,MT-BUZZ,,,NO,5d1bc9fd64114a71d01f44ac985fa68b,209a3e91b82d8fcb6ba997193375dfc0,122848789,478635065
Peluche Toy story Woody 55 cm - MT,,MT-WOO,,,NO,90338c6e4c6efdc4b66ad73a70a06834,b6852fee7d2f80ed06a5d5de6e26facf,122849600,478638126
Peluche Tristeza intensamente 30 CM - Laras,,LAR-IT,,,NO,23a4dc29c04e814cef444a3d96541ffd,10bd19db5898debc86575e1990c2649c,246535675,1084614958
Peluche unicornio echado 30 cm - Phi phi,Rosa,7799035001689-ROSA,,,NO,ea3f3f28791bb9ea020d79c8ca0bb94d,4e8b40f9c2310f81423898bf9d5f8260,149574532,572166595
Peluche unicornio echado 30 cm - Phi phi,Violeta,7799035001689-VIOLET,,,NO,ea3f3f28791bb9ea020d79c8ca0bb94d,e011f77ab79103e308789e0e61ab9ed9,149574532,572166597
Peluches 20 cm - La Granja de zenon,Gallo Bartolito,7798105792410-GALLOB,,7798105792410-GALLOB,NO,e2454d065a20d127d1472d3a78ad366a,91c98a5374e3496f242ba5dd8203fcff,59733191,348595750
Peludito koala - Shine,Violeta,8411936005809-VIOLET,,,NO,878a04d586afd5ad7d2c43e0b36b17f3,a89a5ded522ba2efbe378c1bccb40aa4,126522474,493689452
Peludito koala - Shine,Celeste,8411936005809-CELEST,,,NO,878a04d586afd5ad7d2c43e0b36b17f3,51373a4a887dd0c1fe7bfcee4db7c4d1,126522474,493689453
Peludito orangutan - Shine,Naranja,8411936716705-NARANJ,,,NO,b5769288406d79f7ed6290390b0d19df,e12c9727137fe33dddfd4affbf74e052,126522970,493690849
Peludito orangutan - Shine,Celeste,8411936716705-CELEST,,,NO,b5769288406d79f7ed6290390b0d19df,e4a0fbb013035363672c966a2efe9fb8,126522970,493690851
Peludito orangutan - Shine,Fucsia,8411936716705-FUCSIA,,,NO,b5769288406d79f7ed6290390b0d19df,0266f421c96ee7d7925d58b5ae273019,126522970,493690853
Peludito perro tornasolado - Shine,Fucsia,8411936003331-FUCSIA,,8.41E+16,NO,fc54a79973e2218d9cb34dd7d631a77d,4181d9208a32ee6b2b33de3420ccd39f,225628386,1011835776
Peludito perro tornasolado - Shine,Violeta,8411936003331-VIOLET,,,NO,fc54a79973e2218d9cb34dd7d631a77d,57d702b8765349649c4bc4306c8115c5,225628386,1011835777
Peludito perro tornasolado - Shine,Celeste,8411936003331-CELEST,,,NO,fc54a79973e2218d9cb34dd7d631a77d,4fe352080c22cd22a80f97cde146322f,225628386,1011835779
Peludito perro tornasolado - Shine,Blanco,8411936003331-BLANCO,,,NO,fc54a79973e2218d9cb34dd7d631a77d,4157681d4b8c9a269cb91ea172b063ad,225628386,1011835781
Peludito perro tornasolado - Shine,Marrón,8411936003331-MARRON,,,NO,fc54a79973e2218d9cb34dd7d631a77d,6de532c92687f37dbdbf10bd6f5572a1,225628386,1011835783
Perinola,,PERINOLA,,,NO,80eed803463dfa37eb77b8928176410a,fa03be66e1088cd580817810375c7b1b,283068741,1498213567
Perro manta - Ñu,,ÑU-PM,,ñu-pm,NO,e8ee7cbd5f97f89bf32a18f53d10c99d,a2306e0c08be01a59795504d06e54fe8,284751025,1274980313
Perro Nino 30 CM - Pitucas,,PIT-PN,,,NO,1ebdc62bd56586a1552cf33bf7789870,6b1e6f13f402093235ea23e18446a437,239839473,1053006183
Pesca2 - Tiju,,TI-PES,,,NO,6c4edc689fcb7b5998c459a783dbcf8b,9eeaf5adf759758d3df0367ecf0eea2b,171694578,652118268
Pesita para mano 190 gr - AD,,AD-P190,,,NO,ee67d971e1a036a89d88a8866cd7863b,415c17968395d564246a527f4ab9ce22,119960149,465481575
Piano y xilofon - Roma,Rosa,6950338985200-ROSA,,,NO,33308a9f3cc246dd9051e8d0e08332b0,405ebf4e9aeea502ce7367514850d510,140678894,545026671
Piano y xilofon - Roma,Verde,6950338985200-VERDE,,,NO,33308a9f3cc246dd9051e8d0e08332b0,a8d6e47c78930c106f2b1ac7c4cc6d75,140678894,545026669
Pictograma Mis rutinas diarias nena - Ku,,KUPU-RDN,,,NO,9dfccd7095721a0cd2705f50a733d50a,42ffec83c1c50005d37638f8cae92157,242959156,1482008169
Pictograma Mis rutinas diarias nene - Ku,,KUPU-RDV,,,NO,1e9b6d161ad88720cf0dcc3b28406fb2,c9afa873504412c2c2e247ada41b6235,242959127,1482008171
Pictogramas rutinas diarias - AD,,AD-PRD,,,NO,080cef00a367d6ed13d0ad02018c934f,82c6c7a5df18f856237dcf5c7d7f5686,119961332,1482008180
Pileta inflables 3 aros 70x30 - Bestway,Rosa,6942138900422-ROSA,,,NO,4302f431d6c25ba0243e22c43825411c,768660bb4e808e1e75e7fd6f2be5e2d2,105745481,404091363
Piloto Barbie - Cresko,S,17790752201120-S,,,NO,de8401a6e226b3055ecd70c4789b07a9,b78a02439defee47620ff997235cf6a1,205331041,856636153
Piloto Barbie - Cresko,M,17790752201120-M,,,NO,de8401a6e226b3055ecd70c4789b07a9,f0eda62872c09c418a884790516b2312,205331041,856636154
Piloto Barbie - Cresko,L,17790752201120-L,,,NO,de8401a6e226b3055ecd70c4789b07a9,0d9969feb4f833ba593e2eace0bc719d,205331041,856636155
Piloto de Fisher price - Wabro,M,7790752201246-M,,,NO,17e83447c3e3f599d849a71c3d0c49fc,262472a2388fd1870a854446dea8cadb,196203160,793175524
Piloto de Jurassic world - Wabro,M,7790752133011-M,,,NO,fafc1091f68a1765f6b1fbf188c6f62c,1e260a69170aef943648e105b175f7c3,120380314,467538275
Piloto Dragón - Chimola,XS,7798218147244-XS,,,NO,4944d1cb04529563bbf27d873d5b00e6,a35e4e67f1a65ea214de570c21123488,270840627,1209718504
Piloto Frozen - Wabro,M,7790752201123-M,,,NO,cc2d9703dbc6457c79a45c30cbd632f5,6f403a827fea789e0e07a1dfca14d51f,82661853,321510203
Piloto gato - Chimola,XS,7798218147213-XS,,,NO,85329a9e205bcff6f9be9a556b8519f6,913312f5d75f12375883981f4276d83e,270837208,1209699333
Piloto Lucky gato - Chimola,XS,7798218138464-XS,,,NO,0212b4326960979299eeee8e04475e40,1eabbfbc53299b9950c55d35cd27a1d4,254257854,1122746990
Piloto Lucky gato - Chimola,S,7798218138464-S,,,NO,0212b4326960979299eeee8e04475e40,82effe0e060935b524c3ab5e81f34ed9,254257854,1122746996
Piloto Lucky gato - Chimola,M,7798218138464-M,,,NO,0212b4326960979299eeee8e04475e40,a8a9eb57dcb1ae5685588917b156d1db,254257854,1122747001
Piloto Lucky gato - Chimola,L,7798218138464-L,,,NO,0212b4326960979299eeee8e04475e40,ca1375d883dd24107f956fa50e8a5303,254257854,1122747007
Piloto Mickey - Wabro,S,7790752201156-S,,,NO,817be1cae9c17370364106b11fabce08,f672e6007295389b9ab7dd48ae08871e,172511159,655984366
Piloto Mickey - Wabro,M,7790752201156-M,,,NO,817be1cae9c17370364106b11fabce08,22f0688259aa51339c17a6b2b7c0a484,172511159,655984368
Piloto Mickey - Wabro,L,7790752201156-L,,,NO,817be1cae9c17370364106b11fabce08,209b9af88d5f73e288664bfd4f76a80f,172511159,655984370
Piloto Oso - Chimola,XS,7798218147237-XS,,,NO,19ad2e49f42c3ef4dc6471cbbf3ada31,3d678c703ec67134461824ea21f05601,270842263,1209724002
Piloto Perro - Chimola,XS,7798218147206-XS,,,NO,78d1df4ff517e68899529a8fe1325a4f,6804bf1a95fa7f96dc27e82fedae8d04,270838873,1209708988
Piloto Toy Story emoji - Wabro,M,7790752131024-M,,,NO,c5427fa7e5e27ad6733f2b1cc3c08198,e4118bc49ac6b75965bd794696d4375a,82661572,321509242
Piluso mundialero - Manos a la masa,,MANO-PILU,,,NO,53bdc9b50e6f7cddca7434292ae69fe7,9e21932975295fd2074c20dae61bf3f7,346942930,1532640678
Pintorcitos de colores - Colorearte,,C-PIN,,,NO,8df816b606919d9200b1f36c4bbb6bf2,15bbf773bde82de23a8ea7d9998c74bc,49489033,132842191
Pintorcitos de futbol - Colorearte,,C-FUT,,,NO,8d023ba17adf9651c8069ac0a4164aa8,ff1d0083fbf3673dc3eefb6ba801c1c6,146709327,563764898
Pinypon super pelo largo,Rojo,8056379141556-ROJO,,,NO,aa3919ad661a523db63a8d451b27a901,64166ae0acaf621d424d3b5f83fd88fe,177813144,683058013
Piso de goma eva - Pizpiretos,Rosa,PI-PG-ROSA,,,NO,fe02d18e40a757490d18b5ee91e3b9d9,ae5c396e89c9e022d733e8dfabec5896,143101650,553767170
Piso de goma eva - Pizpiretos,Verde,PI-PG-VERDE,,,NO,fe02d18e40a757490d18b5ee91e3b9d9,88cbf28df38fc187ae5ed5b452ab7cf8,143101650,553767166
Piso de goma eva - Pizpiretos,Naranja,PI-PG-NARANJ,,,NO,fe02d18e40a757490d18b5ee91e3b9d9,336df92fe3aa25b2f0f162b711fe71a6,143101650,553767168
Piso de goma eva Abecedario - Multieva,Gris,6920567932108-GRIS,,,NO,2737ce2e768825556bac86a193d49573,c86568b6de7c8b8bdc4de89231b1a767,192192923,772962546
Piso de goma eva Abecedario - Multieva,Rosa,6920567932108-ROSA,,,NO,2737ce2e768825556bac86a193d49573,d95cbfe01922b4c718df7f79d5f520ef,192192923,772962548
Piso de goma eva Abecedario - Multieva,Verde,6920567932108-VERDE,,,NO,2737ce2e768825556bac86a193d49573,097b80414dbee59e53b4ac44a287392b,192192923,772962549
Piso para carpa tipi - Blink,,BL-PCT,,,NO,cff5c2e3d92e89f357e0e036b0e102c3,9fb32d9d0de26ae647f630c4dd555307,127518456,497859938
Pista de bey blade en caja - Chin,,CH-PB,,,NO,532ad14cb7f698a6ce20650eaf1eb24c,de42852fbe78a152c35811bc820f8644,245657741,1079770357
Pizarra bifaz - Nuyi,Gris vison,NUYI-PB-GRISVI,,,NO,e7c5a5fa73ea0245bf7556b2358fb984,06ccb8cc972132fd9743b69f4ec87a8b,193471723,779524987
Pizarra bifaz - Nuyi,Rojo payaso,NUYI-PB-ROJOPA,,,NO,e7c5a5fa73ea0245bf7556b2358fb984,4f020cb4e333bc98e919af5cb252985f,193471723,779524988
Pizarra magnetica - Clap,,clap-pm,,,NO,ed289798f2c7c8115f2faf0d68794dc7,adbc56e1fbe46eb82547ff3401bf277f,49602717,133221040
Pizarra magnetica con imanes - Clap,,CLAP-PMI,,,NO,bc404cb2bae230dc0b249a7ddd366eec,e0486849457a81d2f82c473b1ad92d6b,127633748,1482008213
pizarra magnetica con letras y num - Clap,,CLAP-PMLN,,,NO,c41c3ab8aeb0e3bf63f1592dc6e2ccac,f791e1fc7c6e0c561271c1cb51fb9662,94007398,1497012176
Pizarra para imanes y fibras - Colorearte,,C-MAG1,,,NO,3bde9060ca2d3434f60ae556f61d92aa,760ace0dc219521cec12b2d1f72fcd74,49491032,132847383
Pizza en tela - Casimira,,CAS-PIZZA,,,NO,17c0ed20ef4bf3977a4451bd88884d28,49bed14aef42c4551c092b7b07c9b0f0,223975777,986103692
Plantados cilindros - Pampa pua,,PAM-PC,,,NO,8dc38f8486b23100e6a296c4b1b5d11c,b83783df4b83b03565e09af3fc4c1c2e,171500504,651124727
Playmat del bosque - Amiti,,AMI-PMB,,,NO,e1f18728a26a10ccf2efd6558a2d1f02,43d9166b97e467cd9af6421afaea38ed,145189170,559699195
Playmat selva - Amiti,,AMI-PMS,,,NO,97880e267c8f1009fedbb52eb6e07ca1,c5482a844dad78ac3adcc0bef253924c,168140484,635663628
Playmat unicornio - Amiti,,AMI-PMU,,,NO,9e53afe31b6d87d810e4a471625dc909,2a03421c270274075a4e13a933d0acb5,145189189,559699229
Pompones y pinza - PSF,,PSF-PP,,,NO,557cdb4658ee43652bd4563814036b6b,7ec4c21596b0fdf2a49cfcf111403737,237547131,1497196708
Pop It Color Pastel - Chin,,CH-POPP,,,NO,2ab3cbb2e9bd339ad1a15ea8ea8e097c,cf315c362c327f6871602c6d7557706e,241529679,1060418515
Pop it electronico - Chin,,CH-PE,,,NO,aa172dc5ae39097ef25c0f235cda6512,61c2e68bedb7495cb82e6787804d4fcb,186827650,1482008262
Pop it electronico Capybara - Sol,,SOL-PCE,,sol-pce,NO,37dac4fde46cf5a3a473337742663968,c03a9efb7dc546ce5b5d025709847ec9,276348262,1234943006
Pop it electronico Labubu - Sol,,SOL-PEL,,,NO,6f2e091aa35726b0b640ac08b8a097e1,e05739fa76ef972cf60605affda994af,276351420,1497202031
Pop it juego con dado - Sol,,SOL-PJ,,,NO,9bd3b41e6eebcc149ab344dbbde87111,df51f53c78584c36d8f7f3951b05632a,332377168,1478827204
Porta figuritas doble AFA chico copa 3D - chin,,CH-PFDC,,,NO,97d48baca37a1ed393269acff2e8a683,be18d7e830083ad282bf932ffe53cef8,351610553,1546755675
Porta figuritas doble AFA chico deslizante - chin,,CH-PFDD,,,NO,1f9bd773fa8a7fd5177e023544371721,10a4bf73e03d408f5117448e0f9d0559,351611184,1546758503
Porta figuritas doble AFA grande - chin,,CH-PFDG,,,NO,69ea02e670bf78177ae7d4a4831353ad,bbd26f01fd8821fde415267cbc2fb14c,351610502,1546755497
Pote Butter slime - Gab,,GA-PSB,,,NO,e6cd2ccba931fc497f08d5b82c48e286,d255313db2e017bbfe5aadaf6bf3e1ca,367401015,1596700974
Princesa alternativa pequeñas individual - Chin,,CH-PRP,,,NO,6a5ce2b3efc4b0354168405c1413e6a6,cd3263f1209dd64a5112eb603ce30650,171424317,650825362
Princesa individual - Piccoli,,PI-PR,,,NO,7457e5c4e29f74709cb32c9dd1a12d81,41becf1afebd3d5c6937522b953a3fd9,222773059,980791384
Principito 37 CM - Pitucas,,PIT-PRI,,,NO,6a428f8015e4be5549317bca0a05fde8,a0f24052e617748fa363e50c579a5ad2,239842483,1053022361
Prono 2 vias - Pampa pua,,PAM-P2,,,NO,612d2e17da77992112b0ced1b59f4353,b315b1816ac849a93f0bee0da5814a73,171545369,651356972
Prono 2 vias y encastre - Pampa pua,,PAM-P2E,,,NO,34fe26fc8d5393667affff7690daefdf,24bff16e0a91e4098a0fd561812ab2df,171544689,651352857
Prono 2 vias y Laberinto - Pampa pua,,PAM-P2L,,,NO,d644e7c12511a8012ec828cf927188b9,0621b1967a6ef766cef60c8f2e43398f,171543504,651346938
Prono 3 vias - Pampa pua,,PAM-P3,,,NO,8e3f5ea39230ac2ecbadb97e19dca2f2,95440313cbe6ad6a0395d22df56b583d,171542840,651344052
Prono 3 vias y encastre - Pampa pua,,PAM-P3E,,,NO,294d809f1a45b0163d78689ebc701ac3,c5bebedce650578257d866a149ba50ae,171542494,651342534
Prono 3 vias y Laberinto - Pampa pua,,PAM-P3L,,,NO,ef20c3499026634ba43c5d32130c6de8,c704ed4a55ffa6a45a3c3105684c3c16,171539403,651328995
Prono 4 vias - Pampa pua,,PAM-P4,,,NO,1b17f5e3e61bee1ce950e1aa2b1480ef,ea38b625537dde0550c4f12715f27024,171538854,651327168
Prono 4 vias y encastre - Pampa pua,,PAM-P4E,,,NO,df03ff5082ab156151470166e7f30e5d,4c6a864589389bc00d333abc29130492,171538591,651325849
Prono 4 vias y Laberinto - Pampa pua,,PAM-P4L,,,NO,3ed0acd007477282b08520b9fbebaee3,cec8c93043481f9aeeb3206be53fe809,171538559,651325713
Prono arco iris - Pampa pua,,PAM-PAR,,,NO,2fcfea97d84ff46830fa328a2dba714e,25d610a2118fd1d49dd04016d9be32a8,171547196,651366285
Prono chico 1 via - Pampa pua,,PAM-PC1,,,NO,c2d133bd1eb5e0e541978e284ef8afb1,802e90a0be68c4a4aa4330e423ad4545,171546735,651364279
prono chico 2 carriles - AYG,,AYG-PC2,,,NO,81eaabd220999d60a7492967c41f6f2b,56d20382ef7dbf7a9778dd0ed1a9cf06,82670917,321530308
Prono chico 2 vias - Pampa pua,,PAM-PC2,,,NO,e8554cc2d5c2c5605e14c7ca06b2b49d,335e69c2e220c6eefe9d7ce05e2705e0,171546355,651362531
Prono grande - Bambu,,BAM-CU,,,NO,6f8c93a886f504e54cc574db40c965e5,9dad7c4c697a5cfb52eb408bed530f77,55752669,153709126
Prono pequeño - Bambu,,BAM-MINI,,,NO,0b493c3fbb30a9bbe500d12a68f3f23c,bd667645d4012064fdffb0fe5481a6a6,55752060,153705933
Pronos animales - Maca,,MACA-PA,,,NO,b20913afe4534598bf6b3f792e4a8577,d6f2083a641f4dc22b729129ea0b471a,225309683,992784701
Pronos medianos - Bambu,,BAM-PA,,,NO,8c1090beef1938889eb225d929921c7c,810babf561962c7685bfe19bee575cfe,55751255,153700049
Pulsera de stitch peluche - Sol,,SOL-PS,,,NO,48ba24aa9f3a80012e0bbd85d2a86c70,f8e0a0b19263632548df15ce7bc4bca5,270850339,1209753666
Pulsera tencaculos - PSF,,PSF-PUL,,,NO,2cb64b70af36f6ee6165a1c4121f2ef1,cf7c5d4153cf9202f1f50cc55c4a3460,237554990,1042275418
Pulseras 12 divisiones chica - Lookmania,,LOOK03,,,NO,1fdf319834b12681f3dcb389a85ec1cb,dec6238e6350f6a62e6be1f80eeb8725,63126124,195061667
Pulseras 12 divisiones grande - Lookmania,,LOOK09,,,NO,329106dbc086a0c9ce810ea93f72cd34,d6342249965dfc9dffb5db7264fadab4,63125885,195060013
Pulseras 4 divisiones - Lookmania,,LOOK27,,,NO,3a2b996b22b2c1a9ffa06803d5755dc1,619b0d7d4706006f7393c0b927487fc6,63128385,195075905
Pulseras 9 divisiones - Lookmania,,LOOK2015,,,NO,fc17ac875dfbc87eead1e8f7969ef2d7,dbd9431e77a0fae3d72624f87a0d0002,63126581,195064328
Pulseras Full - Lookmania,,LOOK39,,,NO,403f6d4745e7b12337b5734cc8b2991d,fdc29f6e70585b3e235438e0736e4d45,63125513,195057736
Pulseras redondas chicas - Lookmania,,LOOK33,,,NO,84452ebe7118a0c9d6659cebe6e99fd0,650282ef8129e51cf065ed1cb0d23609,63128155,195074428
Pulseras Valija 3 pisos chica - Lookmania,,LOOK45,,,NO,f8a07e58d724b702b1c663f7100af84c,7305938c913b3cc7f882533a54ddf42c,63125341,195056739
Pulseras Valija 3 pisos corazon - Lookmania,,LOOK65,,,NO,45094a0e132dae2d9542f66788e8f8d5,ac4f0f1a8588d9f8ed5c19de707d92f7,194098620,782676950
Pulseras Valija 3 pisos grande - Lookmania,,LOOK46,,,NO,c7f321f02a92ed41053f60f3513d0f49,c8d2ee26860374470d49c1b766be33b4,63125222,195056102
Pulseras Valija 3 pisos margarita - Lookmania,,LOOK69,,,NO,d27b865def825d3978d962351521f2b9,b922bb8862499c70560a7c3db5e006bd,194098871,782678126
Puzzle 130 piezas - Kevek,,KE-R130,,,NO,d00b06b5349dbdc883134f89a9c8d1ea,88551506e34f43ffedc9c0c652ad76eb,133861078,523650368
Puzzle 3D alicia - Woodaloo,,WOO-P3DA,,,NO,dd34e26cff9d72dd21609526724f4629,15fd1b9ecf3d586e80125a241622dd95,127532405,1528387417
Puzzle 3D Piratas - Woodaloo,,WOO-P3DP,,,NO,d74ff056b6e8d19e51eb4a988563bf5a,130d64c7fec9866d032bd89564823641,127532881,1528388274
Puzzle 48 piezas - Kevek,,KE-R48,,,NO,98448beffa2cf7f3cb237f1b900568e8,909436219d15492fc3156fb4351a8bac,133868480,523675592
Puzzle 80 piezas - Kevek,,KE-R80,,,NO,76ce7f36f3b65e2f26eb89257ff4a667,38fafed4c8169248a5126d3abefefe6d,133865511,523665452
Puzzle amanecer - Comarca,,CO-AMA,,,NO,dcd60c62c4c4a821e8db8a4280d5ef2c,d73fb289c4945a97c14f9f67c8e7a5a7,102993280,395022146
Puzzle ballena - Comarca,,CO-BA,,,NO,dddca301ba7cba9ff7eb4f80696ad4b2,6b4106367caf88ac866b49a3c494407f,103009317,395065020
Puzzle buho - Comarca,,CO-BU,,,NO,8888c51c59ba1a0d4e5c531e5600641e,f7d08a0e4eed40bbf2cdbe7e8d99808e,102996165,395029416
Puzzle caracol - Comarca,,CO-CARA,,,NO,9ebad06562d4170edd25215774adc393,3a57d1a0502ce456c8c7937cd4615d6c,102997318,395032322
Puzzle Casas 40 piezas - Caracol,,CA-R40C,,,NO,585efd9842b906d365252234eccf80f2,7f82e005961090170a53a408ea438512,122728845,478143363
Puzzle cuerpo parte por parte - Cubeta,Varon,2007505089026-VARON,,,NO,f523d1c5e24f73791585df2cb5ca00d7,63f23a0ac32c6c84a4f62270c2c5c5fb,147257873,565474956
Puzzle elefante - Comarca,,CO-EL,,,NO,005ceb65ac1f5ebcf37987ebf396a23c,e4d98884b4b2d58503c79df5d3f97c85,103011084,395069718
Puzzle elles - Comarca,,CO-LL,,,NO,9e97313d408f7e845962db9056bb123a,5d341653c60f7dd4945ac61691dfbffd,102990298,395013819
Puzzle leon - Comarca,,CO-LE,,,NO,2c8c6e79cc1d452759cdbfc3b4e298c0,977bbd51d7fa247ef6149b9b56b07846,102998873,395036821
Puzzle Mariposa chica - Comarca,,CO-MAC,,,NO,b2f50db4afa29b802990a25dee469801,f3e7bc8396b14b6a4359ef9310abbed2,102994118,395024104
Puzzle mariposa grande - Comarca,,CO-MARI,,,NO,411b1416de0783dcbe5355cc6de308b6,040efeceac619fc9afc5ac2fdd4c2e6e,103010780,395068847
Puzzle Numeros 40 piezas - Caracol,,CA-R40N,,,NO,38be097774aeef3cd3191a2ada9fc311,ef23167426b098c2812474f5c7483777,122728258,478141887
Puzzle pavo real - Comarca,,CO-PR,,,NO,e4ba6e3144afb39fac7c17fc403d4892,6f73bdbf3e957363fd4d6144f1d017f8,103009139,395064603
Puzzle Perros 40 piezas - Caracol,,CA-R40P,,,NO,70bebd40f192bf2b0ba600969877cf5b,8d8d21f24568b8bbd6fc2f02dfc26deb,122729213,478144672
Puzzle pinguino - Comarca,,CO-PI,,,NO,aea7ee09be7a550cf4cec3341bafc724,a64dad6289147ab749cda67278b5a38a,103011273,395070266
Puzzle rana 40 piezas - Caracol,,CA-R40R,,,NO,402505a04139486db006f1f7cbae8eec,3fbe17c4ab20ebdc6bda5f61dc15900f,122725593,478133092
Puzzle submarino - Comarca,,CO-SUB,,,NO,c45173a4b19c4467b3f5d1b5ec57cea8,2c143dccc6fe24168853612641fff39b,102995282,395027268
Puzzle zorro - Comarca,,CO-ZO,,,NO,f10e49b5eb8bffe9230890462124218f,5df98484bac0e62357ddfb55b2986a96,102999187,395037642
Puzzle3D castillo- Woodaloo,,WOO-P3DC,,,NO,557fb0867e5f28b83095fe0f32ea97d4,3323dd3aca5f1f582102ab7c5f8b59a1,127532776,1497073816
Quimica 1 - Didactica integral,,DI-Q1,,,NO,5dfb88eab31d89384a134bf40a5306a3,0062e0a3618900131a1aecf5fa035a7c,49753993,133660026
Quimica 2 - Didactica integral,,DI-Q2,,,NO,6be17265999941af9f128806558f2262,0d7682b4e6eb4bed5347f6fafec14a81,49753927,133659746
Quimica 3 - Didactica integral,,DI-Q3,,,NO,90a16e0e3faa6bdd4258ad2c0407b1a0,eeb2fe672ef326efa08e1cab42ab9e36,49753465,133658158
Quimica 4 - Didactica integral,,DI-Q4,,,NO,be314c0b88b3fd984645267f90f56d25,cce5a713ae42d31f3f59d1396632c714,49753296,133657739
Raton Perez 30 CM - Pitucas,,PIT-RP,,,NO,6c389dac1c89f4ffbb15284c33c2778e,78bd12e1ee9fae859d55767f35983575,239824537,1052924783
Regla adaptada con manija 15 cm - Luna l,,LUL-RM15,,,NO,5af8cf8ea40caa75361bb05225430fd8,62a8611d40baee3ec9150e766e83ea06,329889699,1467998703
Regla compás con números en braille - Luna li,,LUL-RCB,,,NO,eaf588953c6d4c7e8a288597457266f5,5f074512a2a4fe1e832b9301da1b3f5c,329895007,1468018821
Regla de 15 cm - Luna li,,LUL-R15,,,NO,5a01ed8476513529b91c65d470ed5eb7,6735028c31b3ad03236571e4c6b9e630,329889212,1467997154
Regla de lectura - PSF,,PSF-RL,,,NO,4cced0cc55f0e6644804614a0ef667bb,64e293315aaf766d8117b29e23396a28,237540736,1042193175
Regla de lectura deslizante - Luna li,,LUL-RLD,,,NO,00087e42d1caaee08ba4343fe2d0c707,91164afac97ecff2763eda177e2b208e,329865666,1467876925
Regla de lectura pack por 2 - AD,,AD-RL,,,NO,e1c6691bad6e4ba0845a96a2086eb065,833f7dba9121b217e6455bd48af8f99f,166573933,629525554
Regla espaciadora - Luna li,,LUL-RE,,,NO,d079643820243a43109d9a84f36e7af5,36d745da0076a63ce72052c0f30b0af9,329837195,1467705504
Regla espaciadora pack por 2 - AD,,AD-RE,,,NO,2d0a878cfcd620eb3fd158ae004b9623,a75fd9f57547be3c786440ae40879ed8,166574305,629526918
Regla guía de lectura - Luna li,,LUL-RGL,,,NO,ec7fd1fd528f459fa0b974b1d697d46d,cee62baaf8bfcf59161e247bac61169d,329838166,1467708715
Regla mayor y menor - Luna li,,LUL-RMM,,,NO,2b2000382ad83c089adbe345b61419e5,231f9719ec45bb06c91f572832f8f4e3,329880817,1467965686
Regla movible de sumas y restas - Luna li,,LUL-RMSR,,,NO,925a25c85f2c2feba6797a7dc0589cd2,7eda640768a284ec81dd88cc09bf1c62,329835971,1467700634
Regla twist 20 CM - Maped,Celeste,3154142789105-CELEST,,,NO,cd967857f5f9f7ea0b8c209e07d921be,d99c7644035c5418676956376fd45f2d,111439492,426632914
Regla twist 20 CM - Maped,Rosa,3154142789105-ROSA,,,NO,cd967857f5f9f7ea0b8c209e07d921be,0ee6ba20daad24d3615a75d2e793876c,111439492,426632915
Regletas cuisenaire - Luna li,,LUL-RC,,,NO,7ba4b403b5caf390ae415c8390593578,57c95bb1af40a09771809389bb04be75,329880092,1467963200
Reloj con luz Cars - Chin,,CH-RLC,,,NO,20d403910ee324a9fbc428dde03c7021,c775e07b823a890da0bc557f3a9bb544,228743116,1008384434
Reloj con luz Hello Kitty - Chin,,CH-RLHK,,,NO,8023d61f35814c2ab856f18b6aa837af,2bd0570b960907617c270e7fa27d9ebf,228743736,1008387363
Reloj con luz Kuromi - Chin,,CH-RLK,,,NO,c639dc2ce809d8afb5a44426fc2ff010,733e90f21db019cf0c1ffa03ca8a3ebb,228744973,1008395636
Reloj con luz Mario bross - Chin,,CH-RLM,,,NO,07d2dfa242c560f6950a820c154f08df,0f7551788c11daf101926d4c0dd2ffdb,228742723,1008382629
Reloj con luz My Melody - Chin,,CH-RLMM,,,NO,a876133bdf504251c77845e9ec29b6df,4bbe813a4d6f8b131862e23a364682f5,228744373,1008390072
Reloj con pendulo cohete - Woodaloo,,WOO-RPC,,,NO,1e2f45cffd4c98b5523415cf49fb9586,a16dfb4c614a292b6b50c282901f265d,127519188,497862994
Reloj con pendulo Messi - Woodaloo,,WOO-RPM,,,NO,2da7008d19480fc08f58d35eeb23e96b,49c7fefe1114ddb27a655822a540b0b9,185716593,727445500
Reloj con pendulo Principito - Woodaloo,,WOO-RPP,,,NO,5e62c827ff8506f7dcaa2dc87518998c,a16329c1ec46dee5338e7d63d8e48a0e,127519753,497864392
Reloj con pendulo Unicornio - Woodaloo,,WOO-RPU,,,NO,9433c880c928517d22caa8a83ee02681,8790ff5a22aea2b87db066a0ea55783a,127520028,497865353
Reloj de escritorio Cohete - Woodaloo,,WOO-REC,,,NO,bb12d393a3e7304abd4addc6ad4e545c,f2c47b659c281a8d575001f1826aa059,127525512,497886034
Reloj de escritorio Darth Vader- Woodaloo,,WOO-REDV,,,NO,72392eff7251c081eb29ece4fe961f73,6e478c4701ecdd14517ffc3163897605,185716034,727442241
Reloj de escritorio Dibu martinez - Woodaloo,,WOO-RED,,,NO,9692353f44bffb27d09c961630ed7f32,d1a1823326090f40cc9993b202033366,225036218,990970081
Reloj de escritorio Frida Khalo - Woodaloo,,WOO-REF,,,NO,3cecd8251e779b470e1c9f01cc768288,ba4eb0cf9c5813f71a71215ac00ca461,127523963,497881013
Reloj de escritorio Gato - Woodaloo,,WOO-REG,,,NO,2c5a1b598eaf3c643d94da9f970160ad,3779a8098f7c0cb13827e8f7f42a3d90,127525244,497885281
Reloj de escritorio Messi - Woodaloo,,WOO-REM,,,NO,de923ba9eb76fbad27ffb11d9684f0a2,d2fc93904d9ed6700366515c96bd495b,185716229,727443279
Reloj de escritorio Oveja - Woodaloo,,WOO-REO,,,NO,ad079eeae20ee69853e63c85270ecdca,24f66fcbe723e071d2828302707a324a,127524853,497884319
Reloj de escritorio Principito - Woodaloo,,WOO-REP,,,NO,3813524b44b4d6859f971478f55b3ad7,fe0db4046bc839b684124a8111eb0010,127523712,497879795
Reloj de escritorio Sirenita - Woodaloo,,WOO-RES,,,NO,b71c9f3280d8e0f454b0d2bd32820f90,726d7753bc9aff20d06525bfbcc5f06e,185714597,727436886
Reloj de escritorio Stormtrooper - Woodaloo,,WOO-REST,,,NO,48258218523f9f451a71a5184ef59fd1,1b51fc3f9dfe1633ec88dd45918f6151,185715885,727441461
Reloj de escritorio Unicornio - Woodaloo,,WOO-REU,,,NO,4e70051027a7902c82a5f99dea76140e,f8cbcecfa1392273c70b7e810e627436,127524666,497883637
Reloj para aprender la hora - Luna li,,LUL-REL,,,NO,3c792759906e9c3260defba446283b22,84dde816150c19a27e565ada37f59af4,329687985,1467107818
Robot armored king - Explorer,,EX-RA,,,NO,df309d1c444ab2ee3b1002100f983a5e,304f4af42ff71ec5ce950e24ba62cd03,219108049,961057332
Robot intelligent partner - Explorer,,EX-RI,,,NO,62a32d0b8680d188e5cedcea7de76ffa,603ab997fa5b8cf14f4aa2fbbdaedfec,219109128,961060261
Rocayones de soja por 8,,CRA-8,,,NO,ff1ff97b7193613207bbc796514defdd,8592ea1a374966563692288b6d065d3f,129080257,505031062
Rollers ajustables 2 en 1 Azul - Blu,27 al 30,6090000099346-27AL30,,,NO,2f210fc983cdfe336894a7e3bdb634b5,bcad7d21f1cde840a52cdc28c684eba9,191112441,767908703
Rollers ajustables 2 en 1 Azul - Blu,31 al 34,6090000099346-31AL34,,,NO,2f210fc983cdfe336894a7e3bdb634b5,678a2cf2a6f0a74b94138e0ab28b8055,191112441,767908706
Rollers ajustables 2 en 1 Rosa - Blu,27 al 30,6090000099345-27AL30,,,NO,f7c8b32f1080e4f5de38cb1996c35ba1,3a8ee4bec979a1305366967252d5dcaf,191113266,767912959
Rollers ajustables 2 en 1 Rosa - Blu,31 al 34,6090000099345-31AL34,,,NO,f7c8b32f1080e4f5de38cb1996c35ba1,82639ded28473486632b81c62a1df8b5,191113266,767912961
Rompe hielo dinosaurio - Ñu,,ÑU-RHD,,,NO,cc1fca852da997fe3bef3e748f23194a,924a34a1cc9950cf1687499f3a679b60,284725332,1498206149
Rompecabezas cubo en tela - Lucerito,,LUCE-ROMPE,,,NO,2fc068018d4ac0bd399948c762e86c34,a94494ac111d95ed944bf0e305f2b97f,185264007,724362900
Rompecabezas de Sanrio mecanico 9 piezas - Sol,,CH-RSAN,,ch-rsan,NO,6f1e42470de39f9532890f122ce44fb5,17e26b968bb1d9da28dc3135963d065a,252135843,1113710597
Ropa labubu - Ing,,ING-RLT,,,NO,51a646ef01b9169e2f73210dd89192b6,a5287a7fe2563e5e527465e77cdb5211,287560319,1286892667
Ropita para muñecos - LM,,LM-RO,,,NO,27982e14c0e507092346c287a7ca41c5,8ac7075a27c18de560c8eadee0ea299a,130952996,513059600
Rutinas de jardin Picto - Ludme,,LU-RJ,,,NO,5b7ae852cd1c3dce2b3c63dd10775a55,1ccbc80cc45b894581c9f67e214f9060,166567083,1498159890
Sacapuntas clasico - Colours,,COLO-SACA,,26014,NO,85cb85c4ae17eb6a166ba6aa4f020f51,83ca45e71c66e1394beceded730c6d94,254344207,1123038839
Salvavidas Inflable Ballena con Pelotitas - Explorer Fan,,IN21,,IN21,NO,72c5be27c42b670fd6734866c278882d,4d5fa552e598f36581cc5e4d35f3764f,306507881,1362505237
Sálvese quien pueda - Tiju,,TI-SQP,,,NO,20b01849811a2ba8b67df745c2c3c32e,cd4e01d1342a302705aa66afc34e9360,171692556,652109578
Scream Halloween - Lau,0 (1 a 2 años),DN-SCR-01A2ANOS,,,NO,ca7905324626ad68a646a2cda3aef463,8ab99f43daf14cd13098edbcd9ebb352,139832280,1331810585
Scream Halloween - Lau,1 (3 a 4 años),DN-SCR-13A4ANOS,,,NO,ca7905324626ad68a646a2cda3aef463,b993d4596de588458ee19f43eff94033,139832280,1331810597
Scream Halloween - Lau,2 (5 a 6 años),DN-SCR-25A6ANOS,,,NO,ca7905324626ad68a646a2cda3aef463,753c3e9cd728a9a80dcf6578ad10b84b,139832280,1331810607
Scream Halloween - Lau,3 (7 a 8 años),DN-SCR-37A8ANOS,,,NO,ca7905324626ad68a646a2cda3aef463,4e960a959c2fc65dacf6de07ce942c42,139832280,1331810614
Scream Halloween - Lau,4 (9 a 10 años),DN-SCR-49A10ANO,,,NO,ca7905324626ad68a646a2cda3aef463,2af0c8209725da7e467faac16b240337,139832280,1331810623
Sellos ABC en braille - Luna li,,LUL-SBL,,,NO,7238a76d6b287564c49a59a81dbf068e,dbd89a7fcf0917c890d7262d7e2cef77,329692368,1467139803
Sellos abecedario - Luna li,,LUL-SA,,,NO,281d04ecf739c2cb7f188e5485f15db9,1e0c83f3a709721c836c6db8fb10b95c,329887247,1467989679
Sellos de numeros - Luna li,,LUL-SN,,,NO,3eec92437426add6c44fa117122d1699,dd35669513cb1b56744d945a5a201be9,329887700,1467991476
Sellos de numeros en braille - Luna li,,LUL-SNB,,,NO,d053e65728eb42b1abaf1880ef8c5a01,4357b83e60b189b91996b62eaf2f6f62,329893036,1468009674
Serpiente sensorial - R3D,,R3D-SE,,,NO,5fd22564d75b82ab7dd2b0c8d846b1b9,445b8822bd66896d4e956c2e2dd85614,292664486,1308831559
Set animales y botes por 3 - Ing,,ING-AB,,,NO,e3e7b65eca87cc8699d102c492eb4e38,cbd6ce73c35a66f465689be196c786ef,275717954,1232171628
Set de 10 piezas animales - Lucerito,,LUCE-C10,,,NO,a446ea1c5cb9569ab2ab524124d5536c,79a11ce745d720e6c6356f85f9158100,105755623,404129571
Set de 45 regletas para armar formas y letras - Luna li,,LUL-R45,,,NO,db503cea1d0b573e7d08013a9c071d8a,451b1b83b63dfa8296990efd759f72a9,329888548,1467995065
Set de 9 angulos - Luna li,,LUL-AN,,,NO,dfa3c8b70af02809692d855e60120fd3,ea3600db0906214e9134639e71f76f49,329898296,1468032729
Set de abuelos - Piccoli,,PI-ABU,,,NO,04da2db60baef26337bb43e3fc1c7e2c,d7f1fe0805e5ba46b10c54bb7b37e657,222770164,980781234
Set de arte 3 pisos varios modelos - Ñu,,ÑU-SA4,,,NO,3ed740b54907bc3ee8ff4c37fba0ee64,940caacdfb9c9141e2058932f8aa8483,284759984,1275014070
Set de arte valija metalica amigas,,CE-VMA,,,NO,0de0c8f54d2e058ea1eac60f4e7e9ecd,c3bbc0799c1d798eacc63e3aab6dacef,248905065,1096734045
Set de arte valija metalica universo,,CE-VME,,,NO,4ffec66077d430d0e9ff705c1fbffd25,854c34f9250599d3af97e302c0ba8b7b,248904937,1096733404
Set de bebe Bolso moises y mochila - Lau,,DN-SB,,,NO,9ceadf511e88bbd0f96698588a9b997a,f066ee4168c035182819453d58b73a39,356143634,1560826333
Set de boxeo stitch - Ñu,,ÑU-SB,,,NO,eb933c060ab5f6a219907fa686d61e1d,72c3f8724713c077d5ab848356e824ee,284720815,1274895673
Set de cocina - RA,Blanco,RA-SC-BLANCO,,,NO,0041b35ed3bfd67bcfc7bd38ab060184,0aafe0fb0e9296d160aab6bd907017e5,146226661,562298771
Set de cocina - RA,Rosa,RA-SC-ROSA,,,NO,0041b35ed3bfd67bcfc7bd38ab060184,7808ecbbca0609551efe06663699f29e,146226661,562298773
Set de cumpleaños celeste - Guina,,GUI-CC,,,NO,a3e44e1306fc263ae4a1e91b1d370bf5,80cfcb9b8748b9bd5eb75fc28b6d195b,244225222,1073114378
Set de cumpleaños rosa - Guina,,GUI-CR,,,NO,ddd57a1399a4e22e05ede54de942ca69,425024d52ac590365899773b7b925604,244224777,1073112455
Set de esmaltes mejores amigas BBF - Colorapp,,CAP-BFF,,,NO,27c5238fe31387e1b369d7f52e3e5b93,785d6704e2fe58e699878a0cd87147b6,184829574,722124650
Set de galletitas - Guina,,GUI-GA,,,NO,595ce5dc0d0003efc344f22fcc90aa58,3cbb02c48b1f947faec2f7284e2ca085,244239548,1073162263
Set de golf - Comarca,,CO-GOLF,,,NO,07dff1baf9ed4ef17871358947b6e418,109a411aabe1ca40bad39e59ce9e3fc4,102939886,394835516
Set de granja - Piccoli,,PI-GRA,,,NO,1b7d393f1f3f5665a6d80ed1678de15c,0931ffda7fceb814b3c13183a40c7d25,222764584,980757039
Set de hermanos - Piccoli,,PI-HE,,,NO,2cf52e1ba279de104313af3660580cb5,dbe42bff048bf1d515892fd7e76f82f5,222772013,980786945
Set de limpieza completo - Ing,,ING-SL,,,NO,cb90c225d4874bcd2cd529c895f9ff45,de80bf079ca2ede31cb5562e2b73511b,275715382,1232158155
Set de madriguera - Piccoli,,PI-MAD,,,NO,b0d1fa0769a75f2e67d8efa90284416b,276ae2264dc37c2384a0663510d0ef97,222763849,980753768
Set de mago - Chicos perinola,,CP-MAGO,,,NO,5aa300565eef8ec979f7cdefbcb374ff,3896e90c83a5c8663b6da550d0d11e6e,176672863,677453976
Set de maquillaje Personajes - Ñu,,ÑU-SMA,,,NO,a7cbbf67e4580f97afad7a30cf62f52f,fc3f4f40645fcbc45a1b0d046d25d433,284762675,1275026574
Set de mascotas - Piccoli,,PI-MAS,,,NO,675ac19b0e869749ab282324328ec192,311df9ffb86519f09d03b0029ef6fb32,222756691,980725525
Set de Minnie - Guina,,GUI-SM,,,NO,32b986c1db10514139096d226b45c897,cd6e216592e2c2ca4802f84a6c0c259d,244230669,1073133758
Set de oso amigurumis,,AM-SO,,,NO,30954b4128b448669cdf861573b076be,80042462e8722654e0f01ada0ea56a92,179116448,690130830
Set de pastas - Guina,,GUI-PAS,,,NO,c89a97eb7aeee6a93645ecfc9e1175d1,b60021c2928295c820f893b8115dd5b2,244228800,1073127621
Set de pinzas x 3 - Luna li,,LUL-SP,,,NO,950fda13fd16f70a26b440ef7d64343f,547a71f487c9fbdd07db79c021b171c2,329887965,1467992637
Set de pizza y empanadas - Guina,,GUI-PE,,,NO,30241213b24eb64df0cdec4836081e67,7c6c476d62943cb5f6efbe0ad1e2c698,244228213,1073125944
Set de snorkel y pata de rana - Bestway,Rosa,6942138966954-ROSA,,,NO,c8bb605f42152e6cb683ab658cccff86,514dff34e005b052200de9c9ebcb8295,196040500,792124621
Set de texturas - Colorearte,,C-ST,,,NO,4ad5eaa00ee868c7af8bc109a82790ef,7394921a9ed43f9a51f6cf4aabb66491,69332484,249925565
Set de tortas XL - Guina,,GUI-ST,,,NO,6013a0fba5446624c8a94b80cbd89c71,92f19ea410fbc9e16ba0a2ad98f56158,244238788,1073159860
Set de zorro amigurumis,,AM-SZ,,,NO,9e5b3ae62e31e3c6c4990fb992242af2,2d4b40705b5b9004a4039e54b56236f5,179114245,690123280
Set jurasico dinosaurio por 10 - comarca,,CO-SJ,,,NO,93571e4acba89a0c347b6ceb316195f5,39bf288f983d8001b65f8a2410521353,126342466,493009678
"Set mama, papa y bebe - Piccoli",,PI-MPB,,,NO,b6a42ca19930490bcea80abec273e5b5,8157bf53bab80cb234e4014b6bb82642,222767788,980770140
Set muñequera y medias Blanco y negro - Ing,,ING-MMBN,,,NO,f697ee8edc259409929f15b355439f66,e9bc4f12c544fc5a36b16ed7e85e909b,275484699,1231127968
Set muñequera y medias coloridas - Ing,,ING-MMC,,,NO,cc327ab66386766b4250dfb1c378eaa1,13e17aa05ca09c63ab603b6241eb176d,275484632,1231127599
Set navideño - Guina,,GUI-NA,,,NO,1305516c5759df96f437c8d9ad51adc0,fcf0f64f50808d85ee73038cfc8c8c10,244240626,1073165102
Set paleta pelota playera grande - Fire,,FIRE-PP,,,NO,3e6b2409ec923c736e50296ee7db815e,19ad3f27f3e1bc7173c0f07c141bf888,57507379,165445842
Set para hacer burbujas - PSF,,PSF-SB,,,NO,2aaa34f9f0c344fe3af5ca5f760dccf8,65781d0ae1dcf0f83a1a669ba69a041b,237500403,1042014834
Set soplo - PSF,,PSF-SS,,,NO,8b82055b567af0024c3af3426ee298dc,3f4865862a31e36f54655fab4a6d3faa,237502127,1042021484
Shaky friends osito Teddy grande,Rosa,7798347375396-ROSA,,,NO,7805667c3ab3bf0d378d4dd535fa9589,e1c326b3d97a739f1471d71efbfa4566,102901111,394666298
Shaky friends osito Teddy grande,Celeste,7798347375396-CELEST,,,NO,7805667c3ab3bf0d378d4dd535fa9589,7c7db445699e224e03f290c7dad7607a,102901111,394666299
Shaky friends osito Teddy grande,Amarillo,7798347375396-AMARIL,,,NO,7805667c3ab3bf0d378d4dd535fa9589,ee4642f17c2377659939a890044c4d92,102901111,394666300
Shaky friends osito Teddy grande,Violeta,7798347375396-VIOLET,,,NO,7805667c3ab3bf0d378d4dd535fa9589,35f6f350af8c8755f6a7b155aaa37e8c,102901111,394666301
Shaky friends smile grande,Amarillo,7798347375280-AMARIL,,,NO,5441590bed7432a18a74d82fdeda3fb3,bc197d2302803c9d87680a7903f063e6,103087868,395292577
Shaky friends smile grande,Naranja,7798347375280-NARANJ,,,NO,5441590bed7432a18a74d82fdeda3fb3,2266c7301454250da8de7a9559df32a4,103087868,395292578
Shaky friends smile grande,Rosa,7798347375280-ROSA,,,NO,5441590bed7432a18a74d82fdeda3fb3,3a3e6755e915f6dfcc84f891189b24f0,103087868,395292579
Shaky friends smile grande,Azul,7798347375280-AZUL,,,NO,5441590bed7432a18a74d82fdeda3fb3,808478793b4bb65f8a8e89685f2ca84c,103087868,395292580
Shaky friends smile grande,Violeta,7798347375280-VIOLET,,,NO,5441590bed7432a18a74d82fdeda3fb3,78be7af7498cc16f3f1b02b0f5495629,103087868,395292581
Shaky friends smile grande,Verde,7798347375280-VERDE,,,NO,5441590bed7432a18a74d82fdeda3fb3,eaf00683e833960c6cfdfcddf80e96e7,103087868,395292582
Shaky friends smile saltarin con luz,Fucsia,7798347375365-FUCSIA,,,NO,25b126d709c80daf52f486a7964e57bd,3e471187f71c99b034a804a6cc3aa810,102900232,394663334
Shaky friends smile saltarin con luz,Naranja,7798347375365-NARANJ,,,NO,25b126d709c80daf52f486a7964e57bd,b59da5bb6f4afe6926f7905f3c292614,102900232,394663332
Shaky friends smile saltarin con luz,Amarillo,7798347375365-AMARIL,,,NO,25b126d709c80daf52f486a7964e57bd,939d7e5716f04d2bf754193556fdbaac,102900232,394663333
Silbato tren cromo - Minimento,,MM-SIL,,,NO,b63840ebb581748454be49cd35dd4987,16a8eca5b97cdc55011491cc8fffe947,142939262,553374319
Silla de madera - AYG,Verde,AYG-SILLA-VERDE,,,NO,8d4015211e722a7897e38a63b0627ae1,f0b29ca8564e7a47f749b6f151bf3804,129079226,525740661
Silla de madera - AYG,Rosa,AYG-SILLA-ROSA,,,NO,8d4015211e722a7897e38a63b0627ae1,ff0bfc78a7726c1751312841729945a9,129079226,525740664
Silla de madera - AYG,Lila,AYG-SILLA-LILA,,,NO,8d4015211e722a7897e38a63b0627ae1,1067741cc9265118f703e9616cc22d85,129079226,525740663
Silla de madera - AYG,Rojo,AYG-SILLA-ROJO,,,NO,8d4015211e722a7897e38a63b0627ae1,172433ffd1d27c02d4df4e2ac9bd7a8e,129079226,525740665
Silla de madera - AYG,Celeste,AYG-SILLA-CELEST,,,NO,8d4015211e722a7897e38a63b0627ae1,6775bf971e7520b539b2e0012cbc18d1,129079226,525740662
Silla Jujuy - Nuyi,Gris vison,NUYI-SJ-GRISVI,,,NO,d48a7b823c340fc6d7418df1d352ef95,430695140bd9e49af21663a91690bf18,212988136,930571171
Silla Jujuy - Nuyi,Rojo payaso,NUYI-SJ-ROJOPA,,,NO,d48a7b823c340fc6d7418df1d352ef95,e1ee0c119639b6fb29622fa8a0ebb811,212988136,930571172
Silla mapache - fugi,,FUGI-SM,,,NO,c81252fbfe4503092fb92e24b239ae1c,4be30a7fc7fcc97c65200fcfad6070db,194645642,785206244
Silla zorro - fugi,,FUGI-SZ,,,NO,1413670be7ef54af7b82818be95218cc,98492ba6fa67173aa918bf0ca2d00b4c,194645689,785206395
Sillita para bebe - Nuyi,Gris vison,NUYI-SB-GRISVI,,,NO,4f34b2e851bcf52b08cde070b6cbcbae,304ee05ab308df2c936448c6dc461966,193472309,779529124
Sillita para bebe - Nuyi,Rojo payaso,NUYI-SB-ROJOPA,,,NO,4f34b2e851bcf52b08cde070b6cbcbae,7c51d7f7a8adc212dc1f130acdb6020f,193472309,779529127
Sillita para bebe - Nuyi,choco,NUYI-SB-CHOCO,,,NO,4f34b2e851bcf52b08cde070b6cbcbae,8f89fb52181f4ae050049617ee79648b,193472309,779530490
Sillita para comer - Maca,,MACA-SI,,,NO,4db111a8c97ea1df5dbab7a4f8fbe8b9,3ffcd34f1c2d5a7c1afd78fbacb2cdc7,225307214,992776082
Skate long board con ruedas patonas 70 cm - Sebi,,SE-LB,,,NO,068ec78fb0598e289e5ac1fac2ecbe28,be7622c162c0aec6d90d908e594b8ff9,243267726,1068623788
Sonajas de madera cromo - Minimento,,MM-SM,,,NO,bf8cb2f037048d79d408f056f1a94abf,7e614b3c881d2626c746f40f49dbc593,142962335,553436927
Sonajero animal ardilla - Amiti,,AMI-SA,,,NO,82c506715f4a60a5e1f6b712669b53dc,c88d08474082d87eb56005bf51804969,127917800,499744254
Sonajero animal chancho - Amiti,,AMI-SCH,,,NO,046810069b5b4519460cc8868ceb3619,2d0fa5c97a00780aad493a468ed158ec,127896474,499675313
Sonajero animal conejo - Amiti,,AMI-SCO,,,NO,5c910541d4d9de439d85f7f5c0a366f2,5de97f74550bed8f16b83677a1adf41d,127896945,499676765
Sonajero animal jirafa - Amiti,,AMI-SJ,,,NO,6b0bd140302dd47fff6b1487f699e25e,a0552599369c4ac76b1228c6440bd387,127919582,499752913
Sonajero animal leon - Amiti,,AMI-SL,,,NO,440f3abf95ffdb3d3eb321d50ee8abb0,da7e4c3fa1451381bf014a003fb4c04e,127917682,499743711
Sonajero animal mapache - Amiti,,AMI-SMA,,,NO,474f9618a466dac095d0de616acf6d21,39347298d86f30bd13db10acb7e4c3d4,127919069,499750419
Sonajero animal mono - Amiti,,AMI-SM,,,NO,2dfdb9fc0a60ee8697210766b13f2b90,d63b23b1f6f79558d923607ec2c64775,127893557,499661409
Sonajero animal oso - Amiti,,AMI-SO,,,NO,36b9f743f7d9d15ee5a2faa113e5a900,79d6dac2c227f86cdd71a8dbb335ff08,127897459,499678436
Sonajero animal unicornio - Amiti,,AMI-SU,,,NO,858c6b4c65d47c46a5c1570288a26fe3,5ad7a0ea477a2da1fe05d68fde44d932,127918438,499747343
Sonajero animal vaca - Amiti,,AMI-SV,,,NO,5877ef20af8b12f48079484fd704f6e3,055ce22e3fea1f051ca53f9e1179fb8c,127893699,499662124
Sonajero animal zorro - Amiti,,AMI-SZ,,,NO,e41badc993498aedf941e18fdc197df9,390a739a485acb6985a0cb3ea2ba5b21,127976226,500082964
Sonajero buho - Phi phi,Rosa,7799035013446-ROSA,,,NO,6aa5d68f3da69b1beb61372a4a698b1a,90e6f5525f86b5c67a77fec524ece764,115931819,445749399
Sonajero buho - Phi phi,Gris,7799035013446-GRIS,,,NO,6aa5d68f3da69b1beb61372a4a698b1a,b1ffe55553293c12ef252134296dd42c,115931819,445749398
Sonajero colgante conejo - Amiti,,AMI-SCC,,,NO,3c699cc7d7794ae7b365edb2176e27f5,d3c1556652c0e994ae33f37c710e6d80,168353159,636521522
Sonajero colgante unicornio - Amiti,,AMI-SCU,,,NO,840ec6ba14b809219f2feacc4c9c170c,abec39fe98d42df32f9fe472ed989529,168353371,636522441
Sonajero colgante zorro - Amiti,,AMI-SCZ,,,NO,039fcbbbe655634b7e32132451233adf,7a36287f3984ba795cc33204158bc0e4,168353409,636522650
Sonajero elefante balancin - Cutie buddi,Rosa,818980015538-ROSA,,,NO,7a9037403c41e0ea9e566dd0af2f8537,ef3da8895781b312c1b1b858549dc2df,115942606,445814318
Sonajeros duo en su casita - Rosaura,,RO-SDU,,,NO,6bc72c65118b233a1355bb47989e9264,543ac006f83c7d82f1cabf6ca720c1e6,222628253,980139324
Squishy de Capibara - Sol,,SOL-SC,,sol-sc,NO,6fe6b6aea7980d233c23fc455ecd4a99,08b20957f14029b372642689a3cc5ce5,270964146,1210330808
Squishy de Stitch - Sol,,SOL-SQST,,SOL-SQST,NO,a01de73c16fecb464800e820a8f4c9ae,11a60598933f618abc89a37c1a1bca77,276351338,1234957107
Stickers por 62 - Djeco,,DJ-S62,,DJ-S62,NO,624875f0060d173a73f46078719fd330,7af58f49b801013bce24dbfb5009d6a7,287085448,1285148775
Stitch llavero - Ñu,,ÑU-SL,,,NO,184c114e940c5af991d977c4a8b9fb7d,4594ca0f6cff525c353ee8a1c269770b,290975836,1301264124
Stitch manta - Ñu,,ÑU-SM,,ñu-sm,NO,26ed613f4852cf6cc200207054d6cf0f,79cb764717668a09cc5d7caeef06d6ad,284755004,1274991300
Stitch que respira - Ñu,Rosa,ÑU-SR-ROSA,,,NO,62426fc7d436b78a397ebf9446a1fa55,970cdb7ac08b3cc34c00ad19c863a759,272174473,1215690692
Stitch que respira - Ñu,Celeste,ÑU-SR-CELEST,,,NO,62426fc7d436b78a397ebf9446a1fa55,3e623611eb4762be7e7e17d7a28d35b6,272174473,1215690700
Stitch que respira con luz y sonido - Sol,,SOL-SR,,,NO,e21f59035734e8837c2d31202e4f941e,7bbc14356302eee04f882b33d86a07d0,270960248,1210299355
Super cute - mini con mascota,Sisi,4897088979771-SISI,,,NO,ceaae7cd8ca684976229a8a037de49e9,06e1bd4ecb29a11376135ac798a2113c,147642274,566599395
Super cute - mini con mascota,Regi,4897088979771-REGI,,,NO,ceaae7cd8ca684976229a8a037de49e9,859885b75e34d0c6f7e80a9a073634de,147642274,566599398
Super cute - mini con mascota,Kala,4897088979771-KALA,,,NO,ceaae7cd8ca684976229a8a037de49e9,e85391fb9aa7ddc8432347117fb9aa0e,147642274,768022413
Super cute - mini con mascota,sofi,4897088979771-SOFI,,,NO,ceaae7cd8ca684976229a8a037de49e9,574d61d0775046d2542b49463b1c49f0,147642274,768023345
Super cute - Valija,Gaby,4897088979504-GABY,,,NO,066e1bce039a141a126c80ba58f1bcc8,930b0fb5b6cdb1f1125c38e00d460576,147640946,566596204
Super cute - Valija,Sisi,4897088979504-SISI,,,NO,066e1bce039a141a126c80ba58f1bcc8,54fbd1b0fd17578e33ac04cc6c0ea8d3,147640946,566596205
Tabla de divisiones - Luna li,,LUL-TD,,,NO,8d94f50697259eb44518546e0b683f3e,492f65c3a0d2246d212d10e54094c5c2,329700390,1467195377
Tabla de equilibrio - Pampa pua,,PAM-TE,,,NO,c68589bfa967c8524cddda75a36c66d9,6547ab1f8ce640ce392850399d828b0e,171496723,651108309
Tabla de multiplicaciones por dos cifras - Luna li,,LUL-TM2,,,NO,b6fe862b15bc2a9a5ef50ff98d984107,c829b43bcd3c4cf3ccd1c9a467ff99c2,329698986,1467186997
Tabla de multiplicaciones por una cifra - Luna li,,LUL-TM1,,,NO,bb49401ef5e8d7a63c9d6a60de2ee35b,59d88551630ddcf7d092fc81329f77a2,329697236,1467174658
Tabla De Surf Lanza Agua - Lets Play,Azul,SU-BA-AZUL,,,NO,b98d863559590cdf17e14170c0a9f36c,b81c6207c1931e4f2b2ec2554f21ba2b,135154310,527964562
Tabla De Surf Lanza Agua - Lets Play,Verde,SU-BA-VERDE,,,NO,b98d863559590cdf17e14170c0a9f36c,dd0f3395bbea3190216746ed2d395466,135154310,527964565
Tabla de valor posicional - Luna li,,LUL-TVP,,,NO,a23f81b845fab66af87c7edbb46e74f8,c875a6b72049f7b8756cbaaf106503d0,329879213,1467960804
"Tabla para discriminar B y D, P y Q - Luna li",,LUL-TDIS,,,NO,1b2f46594f21667e18dd698bcef1e5ef,987ebe8ed311709b9fe17f61957c78c4,329842226,1467725222
Tabla pitagorica chica - Luna li,,LUL-TPC,,,NO,65e29008b0a4d2dc24d689063a30ccaa,4212fdfcdadb98ab44cbca9dba00f3fd,329686070,1467094417
Tabla pitagorica mediana - Luna li,,LUL-TPM,,,NO,406b0055346d4a9a5d7005b23bcd9e26,a5286f8241628cb8786b4c80aeb1aabe,329686259,1467095479
Tabla pitagorica XL en alto contraste - Luna li,,LUL-TPXL,,,NO,4a942506f990c60960bbc0d891f6f26d,9cde34ad581aa2eb05a7044d52938065,329897118,1468026937
Tablas de multiplicar del 1 al 9 - Luna li,,LUL-TM19,,,NO,e08c0b25a5dde55cdcbcafca4ab96de5,5ae14a3cef8025ba5cf2dfa719659b44,329695126,1467160579
Tablero aro de basket grande - Fire,,FIRE-BAS,,,NO,853a45a8437a4ffad3939ab7869252ee,b817a67b16f9dd8dcaa4b96cb7e8bc09,103561438,396966747
Tablero de motricidad 3 en 1 - Luna li,,LUL-TM,,,NO,5f83cd96f4677efd1959907bd6c11b29,dba8a93df2ea8669373c46642a77ba5f,329893899,1468014119
Tamagochi kuromi - Chin,,CH-TMGK,,,NO,4be52f2efec7acfd7fab062424f95a56,9fb3904906c6680b3da3655eb36576b1,245656454,1079763023
Tamagotchi mascota virtual - Chin,,CH-TAMA,,,NO,dc9e5bea88287785e6f4692a0176af5c,24503fa3e3827e1499c185102f14f0fe,186934672,733905136
Tambor colgante - Minimento,,MM-TC,,,NO,f3a23a10ef9c1ba13dba4cbc1e00fe99,e960fd89fd27db2b4af3375f32986956,214764893,940129208
Tambor de pie cromo - Minimento,,MM-TP,,,NO,0d2094470763a51d571403038479b9d2,e267fa747b5e039c34da70631fe83fcd,142963535,553441881
Tambor Murguero Argentina,,ING-TM,,,NO,68824a12ea5616bd188de3346b4abbf1,b8a4b40ba5d6b32f51ba1cebc73e26db,346144547,1530252602
Tambor Tacuari Argentina,,ING-TT,,,NO,23f78eb49189ad27dfa725d9b02bc62c,81ebb14c8921f1c5ade0a5fc0373b2d9,346144798,1530253582
Tangram - Comarca,,CO-TAN,,,NO,8fb4806810ead79f8175aee15d7ea3e5,445542f1f085b37944352ff8a1c8a78b,102988682,395009541
Tarjetas interactivas educativas español,,CH-MTE,,,NO,8e16a20506731be3c69204f3e493f74e,d6cfe0e64ead13f4c4ce98e61d4c4f9c,259573901,1151419603
Tateti - Comarca,,CO-TATE,,,NO,9ca2d7fbd4556e1950c3b6bcf2888bf4,0a540712c072c6038ce53ad7b5896f9a,102937399,394825893
Tazas - Ing,,ING-TAZAS,,,NO,a6ff3684fdfeb4e32d8b0b2aa9135011,1305fea1b98da06e2c33b1be257d43d3,159068668,601975188
teatro de titeres chico - jesus,Rojo,JE-TC-ROJO,,,NO,050d7582059d66e57100a7dbb1d14758,7177b5797ca21dced89cdd8a85e03cba,179536194,692019578
teatro de titeres chico - jesus,Celeste,JE-TC-CELEST,,,NO,050d7582059d66e57100a7dbb1d14758,a3d30bb84b285ffde993390a5abb9868,179536194,692019582
teatro de titeres chico - jesus,Beige,JE-TC-BEIGE,,,NO,050d7582059d66e57100a7dbb1d14758,e3cc1869c372b56c2b1318f309152f2f,179536194,715581513
teatro de titeres grande - jesus,,JE-TG,,,NO,255206c55738453b3e35ca4ba99dd9e2,fbbf5af335acc015d6487458c2986e13,179535452,692008404
Tejo de madera,,DU-T,,,NO,a1c816b52b1219698321042937fdbd91,b24a873d936b0fadc2174a6407e10e1a,149357127,571853159
Tejo de madera en caja,,DU-TC,,,NO,7e85c51778f7dc167d238b4f6ba730ab,b2062fff7c20755f404fbc03c9a64095,149356272,571851014
Termometro - Galileo,,GAL-TER,,,NO,938dbcc56b859a32fe0640806be8094b,efb9b2f10f126366bb85008937f3b4e2,104294386,399248763
Tijera ergonomica mini - AD,,AD-TEM,,,NO,4ad1ff85a3616c42484dfa19281b0612,e54e83f749095be52b6eff9015422588,166574556,629528372
Tijera punta redondeada CM - Maped,Verde,3154144642125-VERDE,,,NO,422edb24c34c336594762f6db02e4bb6,79379244051de4678d22ecc8801c62b6,111444842,426663657
Tijera punta redondeada CM - Maped,Azul,3154144642125-AZUL,,,NO,422edb24c34c336594762f6db02e4bb6,59150cbdf23a7d66417bf7dae34aadea,111444842,426663661
Tijera punta redondeada CM - Maped,Rosa,3154144642125-ROSA,,,NO,422edb24c34c336594762f6db02e4bb6,65fe1893f25d739c056e3ecbf090ec04,111444842,426663660
Tira de cochecito - Bambu,,BAM-TC,,,NO,b94298d911428f9797852f2fc223bd0e,35308cd8354227d9b74d1553d795d762,179104235,690087242
Titere avengers boxeadores - Tapimovil,Iron man,7794008034206-IRONMA,,,NO,92ee69dd5719fb7fbad570fa85e4fa84,33a67a78daad0357349b9ba1a7bf335e,100399325,384762894
Titere avengers boxeadores - Tapimovil,Hulk,7794008034206-HULK,,,NO,92ee69dd5719fb7fbad570fa85e4fa84,bd0d8181dde4224ccbb93ae32b191514,100399325,384762896
Titere avengers boxeadores - Tapimovil,Ultron,7794008034206-ULTRON,,,NO,92ee69dd5719fb7fbad570fa85e4fa84,3d87c7d84dbab2be579c3382f8f38659,100399325,384762898
Titere avengers boxeadores - Tapimovil,Capitan america,7794008034206-CAPITA,,,NO,92ee69dd5719fb7fbad570fa85e4fa84,ebedab2758ac6d2fd1c1b2faeae72c44,100399325,384762899
Titere de dedos dinosaurios - Tiju,,TI-TDD,,,NO,85a1e9180b6338ad5a623d24efaa8f8b,795192b6ee41788a1fe5df3cf558388c,171698684,652138454
Titere de dedos futbol - Tiju,,TI-TDF,,,NO,cf8edd87dedd4e2f562d2514d7919042,bc353373dc7586002f3b8098c19d9cab,171699026,652139941
Titere de dedos monstruos - Tiju,,TI-TDM,,,NO,e99a3de239184dd91cefc0f71270bf9c,d81d3e65edaaed569b5b60cef62819ae,171698741,652138625
Titere de dedos playa - Tiju,,TI-TDP,,,NO,097669c71d0ade8ec2ad86a7efe21102,ddc0249f9163d5583cef04e14518a667,171699176,652140726
Titere Dinosaurio o tiburon - Phi Phi,Tiburon,7799035009067-TIBURO,,,NO,9ae5f095912275dd1efdfad6f04d0764,58ebd9313e599aefdae671bef1a11418,92295443,489448903
Titere Dinosaurio o tiburon - Phi Phi,Dinosaurio,7799035009067-DINOSA,,,NO,9ae5f095912275dd1efdfad6f04d0764,2b2da2cdbb83d5ce4403af49c0a3ef9b,92295443,489448901
Titere manopla animales - Aine,,TSP-A,,,NO,76327277e7710676bf83b358fe3290e7,91dc453d951899c8a395147ec1e9a649,65459934,219079070
Titere manopla personajes - Marca Aine,,TSP-P,,,NO,89b51812ba41f8ad29b8ec3806438358,1abfc96fd8fdfa2ef1d82a9c79f6d2ca,65460027,219080373
Titeres Animales mueve boca - Phi Phi,Vaca,7799035015013-VACA,,,NO,7e61ca12c52922c3783087d94dc0ced3,a2e964676de9e080e58ff04e26f6029e,156843100,594318451
Titeres Animales mueve boca - Phi Phi,Mono,7799035015013-MONO,,,NO,7e61ca12c52922c3783087d94dc0ced3,d52e1702625defd81213dd14097af2fc,156843100,594318456
Titeres Animales mueve boca - Phi Phi,Rana,7799035015013-RANA,,,NO,7e61ca12c52922c3783087d94dc0ced3,3d0f2a29e5f48aed01b9532c52fc7e58,156843100,594318461
Tizas por 10 - Colorearte,,C-TIZAS,,,NO,5656cc8abeaeafcdc16e8ea668018205,c2af542fef5a14d8df8ebf6bad53eb29,94716743,360027731
Tobogan Splash 6 escalones - Rotoys,,RO-TOBO,,,NO,b9cbe3f6a44a7d54b2f4287628635e54,62435b70c4593ed357cd1d477a76b1ff,102444186,393145912
Tocador y banquito - El taller,,TR-TB,,,NO,b65bcb876ec1187ba7f4925528bd67d6,0315ab7ba1425745c0e06260851133e4,213245541,933819857
Tomar el Té en tela - Casimira,,CAS-TT,,,NO,e73d98c6e53e92b2caaee8a1bc401b4d,89ca8120ef96e641335c395279356d67,223979340,986122381
Tope mordillo flor - AD,,AD-TMF,,,NO,0fb74ad2da9f86a3eb92a56608aed6e3,933929c33690d071dcbfb93c494aa502,166589492,629576190
Tope mordillo ladrillo - AD,,AD-TML,,,NO,f8cbb9e4748ccb6b10583b7ce2aae49b,9a52cdb0310043a13f2dc281dbeb1d6b,166588807,629574027
Tope mordillo ladrillo - BS,,BS-TM,,SKU-656429,NO,prod_muoeipwtrya1al,var_muoeipwt809wz5,370984882,1608979091
Tope mordillo ladrillo - TM,,TM-TL,,,NO,9804e43ab1f2a12fd933af0a7ba1e769,a7c17356a261eb3bbb9494a204f33b55,328604119,1461769359
Torre 3 cubos - Aine,,AINE-T3,,,NO,970600b5fa3409d3a9b418892b895782,23f651bc9fd96f652c29c89f511a7160,88860253,338622871
Torre apilable por 5 - Amiti,,AMI-T5,,,NO,49a8e5d9790ee8692af92abd4da9531d,ea0591bedd8ad9766ba4448e43c04580,223669655,984974971
Torre de bolitas - Comarca,,CO-TO,,,NO,a68c9d58c125de3e8754eb39c8efe085,e978ba2bf35823b652aa36737e50ae9d,102927317,394785369
Torre por 5 con numeros y formas - Lucerito,,LUCE-T5N,,,NO,acfc9934fdde485200509dfd17695c77,2273ef3c4dd9f7f8911a9bf08c1cdd5d,105755042,404127233
Torre por 5 con vocales y formas - Lucerito,,LUCE-T5V,,,NO,bbd060868dd48c7d961a32eed5bdb7f1,228098cc6cd5c97db31e923f1a56e31a,105755489,404129125
Torta 8 porciones en tela - Casimira,,CAS-TOR,,,NO,c2c6a7bc3fc6f0a04df73d63a00a2f5c,eccee4f2038779da30c372eeed3875ff,223973855,986087667
Transportador doble sentido - Luna li,,LUL-TDS,,,NO,cfed465527e7f0fcd349530d80a790b0,15e65f34b3d9322b4300b496c4fc8931,329690269,1467124769
Transportador en alto contraste - Luna li,,LUL-TAC,,,NO,d4b9540cff475abb9b7021a141c514ba,bb4e012c1e95d3f6d62dec71ca16e9db,329899534,1468037767
Transportes magneticos - Er,,ER-MT,,,NO,396beeda320694f6e1d1141baa99e8de,cc82cac0bc80ad53b6d1ffee039a91ab,95110977,361621343
Tren comarqueño - Comarca,,CO-TREN,,,NO,1d0506fff2b4005f93ab9b08fa7c2583,35140fe92ed80bc27e3c0f5825e428ff,102930752,394802904
Tren con 1 vagon - Pampa pua,,PAM-T1V,,,NO,184bdd5c574a09a16dbeed18d97395c0,719505d47e4dcf24d7123b53b5ed7eb8,171498509,651115451
Tren con 2 vagones - Pampa pua,,PAM-T2V,,,NO,f845a96bc5acf53e0a88799c4ef9278f,3daa259ba81085e21a49d367f9666839,171498403,651114976
Trencity - Vagon,Negro,7798186550510-NEGRO,,,NO,e29a049a3c6be115922cffac320fdc7f,ed53cae2a4e26a8c4b6672f3a0e6fc11,63636123,312497761
Trencity - Vagon,Celeste,7798186550510-CELEST,,,NO,e29a049a3c6be115922cffac320fdc7f,6c421120db3ad2ef9049880f609ac4e1,63636123,353294848
Trencity - Vagon,Amarillo,7798186550510-AMARIL,,,NO,e29a049a3c6be115922cffac320fdc7f,842eee4ecf95074959870abed3288fff,63636123,410847906
Trencity - Vagon,Rojo,7798186550510-ROJO,,,NO,e29a049a3c6be115922cffac320fdc7f,78aa8c28ebc6093d9dcae8c7c9a27578,63636123,312497760
Trencity - Vagon,Verde,7798186550510-VERDE,,,NO,e29a049a3c6be115922cffac320fdc7f,276c4ffc524554ae52d0615cb0017dc5,63636123,312497762
Triangulo collares - Planchitos,,PLAN-TC,,,NO,ff1eba8bdb5ddca0e33ccc58c29eb9a5,95aa6a768729db635a4d6ac9ab66f02c,128943467,504484400
Triangulo cromo - Minimento,,MM-TRI,,,NO,10b8b09a6363c0e7ec10a7d2cab95c1d,3172095c1a2754ed4c832c6b8fbb7793,142937339,553368418
Triangulo dinosaurios - Planchitos,,PLAN-TD,,,NO,6bc4e113129c75500200d6c58f885dc0,114ee539df0d7b252550685483dce662,128943708,504485045
Tunel para carpa - Armadillo,,ARMA-TUNEL,,,NO,313a07c4c8ffc92cd2b76d51a13bb402,7e9e05c476cb4de3d56ec9515eddc90c,58330690,170229270
Tutu comun - Lau,,DN-TUTU,,,NO,aca3ce9c1ee0071fa1eb00f33acccd12,9419d6f16cd53db87bfdae9a8e350dbb,187780974,739898820
Tutu de Minnie rosa - Lau,,DN-TM,,,NO,876fc05de6da494bb541f672e93a4975,b9cb2b7c18928650466de3db6a5cd6b6,184035957,717745003
Tutu de Mujer maravilla - Lau,,DN-TMM,,,NO,ad4b43f60a2447237f7ebc38657347f8,b03e45fb7c103ee1cd110b2be91ef1ac,184041561,717775688
Tutu de princesas Ana frozen - Lau,,DN-TPA,,,NO,cafa0e308fe6e5be4aa29fa082c1fa3f,8d99da5220d8c44dfc6ac3554f82d232,184033384,717728342
Tutu de princesas Bella - Lau,,DN-TPB,,,NO,038f1054a8ab8895769aabccc812cc60,46800740d9dc93f1cc7acc33a6dc6b80,229792087,1013206137
Tutu de princesas Cenicienta - Lau,,DN-TPC,,,NO,8e6743ed29838c51bd7a9242450fc8d1,bacbd6042244e03b1219d538516c313f,229792365,1013206699
Tutu de princesas Elsa frozen - Lau,,DN-TPE,,,NO,78192ced92ac00686d603d8bc0a92a16,ec0dfed8f6299c6146fde1de6b5142e9,184033137,717727278
Tutu de princesas Rapunzel - Lau,,DN-TPR,,,NO,ab3319b2a005af59357bba32cd777790,262bae198f1853a857cd3c27390aafba,184033092,717727112
Tutu halloween Bruja - Lau,,DN-THB,,,NO,99c2785387c6c6d87a51da3bbee34f6c,4593befc9d4d7937b8e3a896ccdad303,139371416,540312720
Tutu halloween calabaza - Lau,,DN-THC,,,NO,3cdce5d0977829c2113572add8dae5ac,cdab11ebda42ec94f15549241f4f3ddc,139371217,540312282
Tutu halloween calaca mexicana - Lau,,DN-THM,,,NO,982f963667cdce100ff5398fc78bea6f,378793eaacd44cf4cf6a7309dd44b46a,139370612,540310203
Tutu halloween Diabla - Lau,,DN-THD,,,NO,586ffaef87b1ccf629c867972e189485,e9eb7a4d90d983dd24b2ebbf361a4814,139370976,540311660
Tutu halloween Frankestein - Lau,,DN-THF,,,NO,9485d7eaaf9b71115148520a49ef74d8,154b206cb67bf74e09256ee67bc3b93a,139370835,540311010
Tutu halloween novia - Lau,,DN-THN,,,NO,6f7567c378d2ae9df3447894f5994336,68dbec0cd2617e5e9da0330717c45635,139369478,540306219
Tutu halloween Vampirina - Lau,,DN-THV,,,NO,8993ba33c4bb4c3e57f2b1f81bec0e2f,8c2f34ce4926d984cd9bab884277db29,185731966,727519788
Unicornio manta - Ñu,,ÑU-UM,,ñu-um,NO,655f70081375c354b6a3db4cbdab1747,064ba9acd9c9b55057f8bae5093a164d,284751264,1274981157
Valija crayon mojado - Arrugadedos,,ARRU-SET,,,NO,0a3768026559b77aa94a0a1bc17e24c4,1092ec5c646dc92492e93ec8b6cfdb2e,55447467,152338660
Valija de elementos sensoriales - R3D,,R3D-VA,,,NO,4fd67a47a7afaeaf3c4f34121a860ea9,b90955d9ef4663fc263cba0f3edcce76,292663203,1308826923
Valija mini artista dinosaurio - LPH,,LPH-VD,,,NO,1b3f72c712a9f6afb58f75c4e091ce98,82c32c9b7bdfd94332c10ac23604a294,127760156,499022824
Valija mini artista Hadas - LPH,,LPH-VH,,,NO,fd152ffbf79e9b85fcc91d747d7a23ac,22be428495e8de6559097882090d586a,127780981,499110855
Valija mini artista Piratas - LPH,,LPH-VPI,,,NO,5dfd620fb43f516bb97ef5c815883f96,02dafb201299770ba82cbc6683b919af,127774389,499082422
Valija mini artista Pony - LPH,,LPH-VPO,,,NO,b7c7a7517042550c6429128300f45bd8,7c75efc3b987e504c001ba5e2d412319,127774627,499083732
Valija mini artista Sirena - LPH,,LPH-VSI,,,NO,31a751e5456bb7f6d3420519d3d607cf,adbe35456ee8ace7e40794ad556d0965,127774924,499085463
Valija mini artista superheroes- LPH,,LPH-VS,,,NO,517c791d2d0de3d0b064fe3abebb4487,140be2c8310984c97ba6a2e43459a95f,127762919,499033410
Valija mini maestra - LPH,,LPH-VMN,,,NO,97fe5979985c794d496d74bc98398f20,87450d0cd6f2e8cae89604bea7cb3c80,127776166,499090487
Valija mini maestro - LPH,,LPH-VMV,,,NO,f53cdf3666386e74f67b034df45479ba,4723cae6eb3d71f48680fd9efce62b10,127776032,499089828
Valija mini spa - LPH,,LPH-SPA,,,NO,1879cd39ae72193f881cf56ba9a4ca5a,d0115765c6c2bb51c8aa7d0de65513f8,127776390,499091469
Valijas didacticas 2 - Antex,A contar,7792745012563-ACONTA,,,NO,fd0a4d8a7c8b21817ea0ba1380f9e30c,b6e0fb71194e999158219894fe4798d4,114691154,440032663
Vehiculos Individuales - Duravit,,DURA-AU,,,NO,ce71ebecd01a8fd4c30ba6108d62e630,bf7ee56607a2d2ef0a4cc53248e4b4ed,57318372,164726527
Velero - Piccoli,,PI-VELE,,,NO,ac8615d37e5d5a368eb65308cdacea8e,a289deaf80ca302b92dc1640b9fd727e,222755897,980722743
Ventosas Texturizadas - BS,,BS-VT,,BS-VT,NO,prod_muoeymw3sgo0jr,var_muoeymw3hxfpxh,370992105,1608997679
Vestime imantado - Tiju,,TI-VES,,,NO,40ae79db5293954e80fe4dc8d94c3cea,a037c94ba6684e6f8c9c8664f44eb737,171709777,652190709
Vincha bruja - Lau,,DN-VB,,,NO,4fa642a212d8b77226b015aa0dbc5128,da1ffc70333fd44256491c4f62334dd5,139373707,540321015
Vincha novia - Lau,,DN-VN,,,NO,3ee294999a2ba20f3ccbd5add35749f1,45607dd682ad600f8e4e0d559e5e752a,139842716,542008643
Winged buddies - Magic maker,Rosa,7798326069421-ROSA,,,NO,f1e955d8c24dc939456876338d1b6def,8ad54da64f33a6f2684f6fce9a5ad147,147169374,565162583
Winged buddies - Magic maker,Celeste,7798326069421-CELEST,,,NO,f1e955d8c24dc939456876338d1b6def,37c84a591c9bfc2c13b491665cc3412e,147169374,565162585
Xilofon 8 teclas - Pampa pua,,PAM-XILO,,,NO,b91686f1a146475971d18dc7261718a1,9ce26e2a7e08ddf0c5fb7255c42595bc,179162967,690323622
Xilofon pequeño - Bambu,,BAM-XP,,,NO,7d8fac06deb059723740adc3da458ce2,6d1161e95053e2517c3eb9a3a0331043,55747105,153678647
Yo yo de madera - Fire,,FIRE-YOYO,,,NO,42328c87c165841291dda7a0a15b0b78,2ff0fdd7e0fba03dba5396c512ef9509,99379046,380465179
Zapatos princesas con luz - Ditoys,Violeta,7798310070365-VIOLET,,,NO,d78f054df7e05e3eb29b67e0d12d2683,ff37cbecf4135dbd3fff827473f885d8,70808364,379901779
Zapatos princesas con luz - Ditoys,Rosa,7798310070365-ROSA,,,NO,d78f054df7e05e3eb29b67e0d12d2683,128baae0f01b657543f0a17eb6e651aa,70808364,379901778
Zoogooz - Little live pets,Rojo,630996264782-ROJO,,,NO,9fbe72f9e3912429016b3883f77177fc,5a54f8364f1074dae6d3f2537450d288,194977554,787103341